pair_ID,sentence_A,sentence_B,entailment_label,relatedness_score,entailment_AB,entailment_BA,sentence_A_original,sentence_B_original,sentence_A_dataset,sentence_B_dataset,SemEval_set,[sentence_A, sentence_B]
19,A person in a black jacket is doing tricks on a motorbike,A man in a black jacket is doing tricks on a motorbike,ENTAILMENT,4.9,A_entails_B,B_entails_A,A person in a black jacket doing tricks on a motorbike.,A person in a black jacket doing tricks on a motorbike.,FLICKR,FLICKR,TEST,[person, man]
52,Kids in red shirts are playing in the leaves,Children in red shirts are playing in the leaves,ENTAILMENT,4.9,A_entails_B,B_entails_A,Children in red shirts play in the leaves.,Children in red shirts play in the leaves.,FLICKR,FLICKR,TEST,[Kids, Children]
74,A little girl is looking at a woman in costume,A young girl is looking at a woman in costume,ENTAILMENT,4.7,A_entails_B,B_entails_A,The back of a woman in costume ; little girl looks at her,The back of a woman in costume ; little girl looks at her,FLICKR,FLICKR,TEST,[little, young]
87,A lone biker is jumping in the air,A biker is jumping in the air alone,ENTAILMENT,5,A_entails_B,B_entails_A,a lone bicyclists jumping in the air over a ramp.,a lone bicyclists jumping in the air over a ramp.,FLICKR,FLICKR,TRAIN,[lone, alone]
98,Four kids are doing backbends in the park,Four children are doing backbends in the park,ENTAILMENT,4.8,A_entails_B,B_entails_A,Four children do backbends in the park.,Four children do backbends in the park.,FLICKR,FLICKR,TRAIN,[kids, children]
158,People are walking outside a building that has many murals on it,People are walking outside the building that has several murals on it,ENTAILMENT,4.7,A_entails_B,B_entails_A,People walk outside of a building that has many murals painted on it.,People walk outside of a building that has many murals painted on it.,FLICKR,FLICKR,TEST,[many, several]
211,Two dogs are playing by a tree,Two dogs are playing by a plant,ENTAILMENT,4.6,A_entails_B,B_entails_A,Two dogs play by a tree.,Two dogs play by a tree.,FLICKR,FLICKR,TRIAL,[tree, plant]
465,A man is performing stunts on a green bicycle,A man is performing a trick on a green bicycle,ENTAILMENT,4.7,A_entails_B,B_entails_A,A man performs a stoppie trick on his BMX green bicycle with no hands.,A man performs a stoppie trick on his BMX green bicycle with no hands.,FLICKR,FLICKR,TRAIN,[stunts, trick]
570,A white and brown dog is walking through the water with difficulty,A white and brown dog is pacing through the water with difficulty,ENTAILMENT,4.5,A_entails_B,B_entails_A,A white and brown dog is walking through the water.,A white and brown dog is walking through the water.,FLICKR,FLICKR,TRAIN,[walking, pacing]
580,A group of boys are playing with a ball in front of a large door made of wood,A bunch of boys are playing with a ball in front of a large door made of wood,ENTAILMENT,4.9,A_entails_B,B_entails_A,A gorup of boys are playing with a ball in front of a large wooden door.,A gorup of boys are playing with a ball in front of a large wooden door.,FLICKR,FLICKR,TEST,[group, bunch]
603,A young lady with light brown hair is wearing a red necklace a sweatshirt and earrings and is smiling,A lady of young age with light brown hair is wearing a red necklace a sweatshirt and earrings and is smiling,ENTAILMENT,5,A_entails_B,B_entails_A,A young woman with light brown hair wearing a red beaded neclace a Gonzaga sweatshirt and earrings stands smiling.,A young woman with light brown hair wearing a red beaded neclace a Gonzaga sweatshirt and earrings stands smiling.,FLICKR,FLICKR,TRAIN,[of, age]
655,A young child is climbing a rock climbing wall which is indoors,A young kid is climbing a rock climbing wall which is indoors,ENTAILMENT,4.7,A_entails_B,B_entails_A,A young child climbs an indoor rock climbing wall.,A young child climbs an indoor rock climbing wall.,FLICKR,FLICKR,TRAIN,[child, kid]
716,A few men in a competition are running outside,A few men in a competition are running outdoors,ENTAILMENT,4.1,A_entails_B,B_entails_A,Two men running outside in a competition.,Two men running outside in a competition.,FLICKR,FLICKR,TEST,[outside, outdoors]
737,The bride and the groom are leaving after the marriage,The bride and the groom are leaving after the wedding,ENTAILMENT,4.8,A_entails_B,B_entails_A,A man and bride walk down the aisle,A man and bride walk down the aisle,FLICKR,FLICKR,TRAIN,[marriage, wedding]
752,The presentation is being watched by a classroom of students,The presentation is being attended by a classroom of students,ENTAILMENT,4.8,A_entails_B,B_entails_A,A classroom of students watching a presentation.,A classroom of students watching a presentation.,FLICKR,FLICKR,TRAIN,[watched, attended]
892,People are on a beach full of sand by the ocean and are enjoying a sunny day,People are on a beach full of sand by the ocean and are enjoying a day full of sun,ENTAILMENT,4.8,A_entails_B,B_entails_A,People are enjoying a sunny day on a sandy beach by the ocean.,People are enjoying a sunny day on a sandy beach by the ocean.,FLICKR,FLICKR,TRAIN,[sunny, sun]
912,A woman is being kissed by a man,A lady is being kissed by a man,ENTAILMENT,4.9,A_entails_B,B_entails_A,a man is kissing a woman.,a man is kissing a woman.,FLICKR,FLICKR,TEST,[woman, lady]
934,A young child is wearing boots made of green rubber and playing in a puddle full of mud,A young child is wearing green boots and playing in a puddle full of mud,ENTAILMENT,4.6,A_entails_B,B_entails_A,a young child wearing green boots playing in a mud puddle,a young child wearing green boots playing in a mud puddle,FLICKR,FLICKR,TEST,[made, rubber]
937,A little boy is jumping into a puddle in the street,A little boy is jumping into a puddle on the street,ENTAILMENT,4.9,A_entails_B,B_entails_A,The little boy is jumping into a puddle on the street.,The little boy is jumping into a puddle on the street.,FLICKR,FLICKR,TEST,[in, on]
950,Two young kids are eating corndogs,Two young children are eating corndogs,ENTAILMENT,4.9,A_entails_B,B_entails_A,two young children eat corndogs.,two young children eat corndogs.,FLICKR,FLICKR,TRAIN,[kids, children]
960,A man in a shirt dyed purple is looking at a man in a black shirt who is doing a funny face,A man in a shirt dyed purple is looking at a man in a black shirt who is doing a face which looks funny,ENTAILMENT,5,A_entails_B,B_entails_A,a man in a purple shirt is looking at a man in a black shirt who is pulling a funny face.,a man in a purple shirt is looking at a man in a black shirt who is pulling a funny face.,FLICKR,FLICKR,TRAIN,[which, looks]
999,A boy in a red shirt is in front of a long blue wall and is suspiciously raising an eyebrow at the camera,A boy in a red shirt is in front a wall which is long and blue and is suspiciously raising an eyebrow at the camera,ENTAILMENT,4.7,A_entails_B,B_entails_A,a boy in a red shirt in front of a long blue wall raises his eyebrow at the camera,a boy in a red shirt in front of a long blue wall raises his eyebrow at the camera,FLICKR,FLICKR,TEST,[of, which]
1008,The Jockeys are riding horses on the field which is completely green,The Jockeys are racing horses on the field which is completely green,ENTAILMENT,4.7,A_entails_B,B_entails_A,Jockeys are racing their horses on the green field.,Jockeys are racing their horses on the green field.,FLICKR,FLICKR,TRAIN,[riding, racing]
1045,A dog is near a ball colored in red which is in the air,A dog is near the red ball in the air,ENTAILMENT,4.9,A_entails_B,B_entails_A,A dog and a red ball in the air.,A dog and a red ball in the air.,FLICKR,FLICKR,TRAIN,[colored, which]
1058,The person is riding a motorbike on a sandy track,The person is riding a motorbike on a track on the sand,ENTAILMENT,4.9,A_entails_B,B_entails_A,A person riding the number 157 dirt bike on a sandy track.,A person riding the number 157 dirt bike on a sandy track.,FLICKR,FLICKR,TEST,[sandy, sand]
1082,A dog of large size is running on the grass with a tennis ball in its mouth,A large dog is running on the grass with a tennis ball in its mouth,ENTAILMENT,4.7,A_entails_B,B_entails_A,A large dog running on grass with a tennis ball in his mouth.,A large dog running on grass with a tennis ball in his mouth.,FLICKR,FLICKR,TRAIN,[of, size]
1141,A woman is dipping a prawn in batter,A woman is dipping a shrimp in batter,ENTAILMENT,4.4,A_entails_B,B_entails_A,A woman dips a shrimp in batter.,A woman dips a shrimp in batter.,SEMEVAL,SEMEVAL,TEST,[prawn, shrimp]
1184,A man and a woman are hiking through a wooded area,A man and a woman are walking through a wooded area,ENTAILMENT,4.5,A_entails_B,B_entails_A,A man and woman are walking arm in arm through a wooded area.,A man and woman are walking arm in arm through a wooded area.,SEMEVAL,SEMEVAL,TRAIN,[hiking, walking]
1195,A man is speaking on a podium,A podium is where a man is speaking,ENTAILMENT,4.8,A_entails_B,B_entails_A,A man is speaking at a podium.,A man is speaking at a podium.,SEMEVAL,SEMEVAL,TRAIN,[on, where]
1224,A man is slicing a bun,A man is cutting a bun,ENTAILMENT,4.8,A_entails_B,B_entails_A,A man is slicing a bun.,A man is slicing a bun.,SEMEVAL,SEMEVAL,TEST,[slicing, cutting]
1251,A woman is amalgamating eggs,A woman is mixing eggs,ENTAILMENT,4.5,A_entails_B,B_entails_A,A woman is mixing eggs.,A woman is mixing eggs.,SEMEVAL,SEMEVAL,TRAIN,[amalgamating, mixing]
1260,A band is performing on a stage,A band is playing on a stage,ENTAILMENT,4.9,A_entails_B,B_entails_A,A band is performing on a stage.,A band is performing on a stage.,SEMEVAL,SEMEVAL,TEST,[performing, playing]
1262,A band is performing onstage,A band is playing onstage,ENTAILMENT,4.9,A_entails_B,B_entails_A,A band is playing onstage.,A band is playing onstage.,SEMEVAL,SEMEVAL,TEST,[performing, playing]
1495,A man is playing a guitar,A man is strumming a guitar,ENTAILMENT,4.9,A_entails_B,B_entails_A,A man plays a guitar.,A man plays a guitar.,SEMEVAL,SEMEVAL,TRIAL,[playing, strumming]
1610,The man is carefully feeding a mouse to the snake,The man is cautiously feeding a mouse to the snake,ENTAILMENT,4.8,A_entails_B,B_entails_A,The man is feeding a mouse to the snake.,The man is feeding a mouse to the snake.,SEMEVAL,SEMEVAL,TRAIN,[carefully, cautiously]
1664,A boat is sailing quietly over the water,A boat is sailing peacefully over the water,ENTAILMENT,4.8,A_entails_B,B_entails_A,A boat sails along the water.,A boat sails along the water.,SEMEVAL,SEMEVAL,TEST,[quietly, peacefully]
1719,An onion is being sliced by a man,An onion is being cut by a man,ENTAILMENT,4.8,A_entails_B,B_entails_A,A man is cutting an onion.,A man cuts an onion.,SEMEVAL,SEMEVAL,TRAIN,[sliced, cut]
1780,A cheetah is quickly running behind its prey.,The cheetah is running quickly behind its prey,ENTAILMENT,4.6,A_entails_B,B_entails_A,A cheetah is running behind its prey.,A cheetah is running behind its prey.,SEMEVAL,SEMEVAL,TRAIN,[prey., prey]
1872,A few kittens are eating,Some kittens are eating,ENTAILMENT,4.8,A_entails_B,B_entails_A,Five kittens are eating out of five dishes.,Five kittens are eating out of five dishes.,SEMEVAL,SEMEVAL,TEST,[few, Some]
2004,A man is riding a motorbike,A man is driving a motorbike,ENTAILMENT,4.6,A_entails_B,B_entails_A,A man is riding a motorcycle.,A man is riding a motorcycle.,SEMEVAL,SEMEVAL,TRAIN,[riding, driving]
2164,A woman is using a machine made for sewing,A woman is using a sewing machine,ENTAILMENT,4.8,A_entails_B,B_entails_A,a woman is using a sewing machine,a woman is using a sewing machine,SEMEVAL,SEMEVAL,TRAIN,[made, for]
2168,A woman is sewing with a machine,A woman is using a sewing machine,ENTAILMENT,4.9,A_entails_B,B_entails_A,a woman is using a sewing machine,a woman is sewing on a machine,SEMEVAL,SEMEVAL,TEST,[with, using]
2170,A woman is using a sewing machine,A woman is sewing with a machine,ENTAILMENT,5,A_entails_B,B_entails_A,a woman is sewing on a machine,a woman is using a sewing machine,SEMEVAL,SEMEVAL,TRAIN,[using, with]
2174,The woman is cracking two eggs into a bowl made of glass,The woman is cracking two eggs into a glass bowl,ENTAILMENT,5,A_entails_B,B_entails_A,a woman cracks two eggs into a glass bowl,a woman cracks two eggs into a glass bowl,SEMEVAL,SEMEVAL,TEST,[made, of]
2255,A man is playing the guitar,A man is strumming the guitar,ENTAILMENT,4.6,A_entails_B,B_entails_A,a man is playing the guitar,a man is playing the guitar,SEMEVAL,SEMEVAL,TEST,[playing, strumming]
2322,A person is slicing an onion,A person is cutting an onion,ENTAILMENT,4.8,A_entails_B,B_entails_A,a person cuts an onion,a person cuts an onion,SEMEVAL,SEMEVAL,TRAIN,[slicing, cutting]
2337,The oriental lady is cutting a carrot into thin pieces,The oriental lady is cutting a carrot into pieces that are thin,ENTAILMENT,5,A_entails_B,B_entails_A,an oriental lady is cutting a carrot into thin pieces,an oriental lady is cutting a carrot into thin pieces,SEMEVAL,SEMEVAL,TEST,[that, are]
2349,The woman is adding cheese to the sauce,The lady is adding cheese to the sauce,ENTAILMENT,4.8,A_entails_B,B_entails_A,the lady added cheese to the sauce,the lady added cheese to the sauce,SEMEVAL,SEMEVAL,TEST,[woman, lady]
2370,The man is playing an acoustic guitar,The man is playing a guitar which is acoustic,ENTAILMENT,4.9,A_entails_B,B_entails_A,a man plays an acoustic guitar,a man plays an acoustic guitar,SEMEVAL,SEMEVAL,TEST,[an, which]
2397,Somebody is cutting a tomato,Someone is cutting a tomato,ENTAILMENT,5,A_entails_B,B_entails_A,someone is cutting a tomato,someone is cutting a tomato,SEMEVAL,SEMEVAL,TRAIN,[Somebody, Someone]
2399,The lady is slicing a tomato,The woman is slicing a tomato,ENTAILMENT,4.7,A_entails_B,B_entails_A,the lady sliced a tomatoe,the lady sliced a tomatoe,SEMEVAL,SEMEVAL,TEST,[lady, woman]
2459,A man is riding a motorbike,A man is riding a motorcycle,ENTAILMENT,5,A_entails_B,B_entails_A,a man is riding a motorcycle,a man is riding a motorcycle,SEMEVAL,SEMEVAL,TRAIN,[motorbike, motorcycle]
2470,Some people are singing,Some persons are singing,ENTAILMENT,4.9,A_entails_B,B_entails_A,some people are singing,some people are singing,SEMEVAL,SEMEVAL,TEST,[people, persons]
2474,Some people are singing,A few people are singing,ENTAILMENT,4.7,A_entails_B,B_entails_A,some people are singing,a group of people sing,SEMEVAL,SEMEVAL,TRAIN,[Some, few]
2509,The woman is dancing,The lady is dancing,ENTAILMENT,5,A_entails_B,B_entails_A,a woman is dancing,a woman is dancing,SEMEVAL,SEMEVAL,TRAIN,[woman, lady]
2537,Someone is slicing a tomato,Someone is cutting a tomato,ENTAILMENT,4.8,A_entails_B,B_entails_A,someone is slicing a tomato,someone is slicing a tomato,SEMEVAL,SEMEVAL,TEST,[slicing, cutting]
2557,Someone is strumming the guitar,Someone is playing the guitar,ENTAILMENT,4.5,A_entails_B,B_entails_A,someoen is playing guitar,someoen is playing guitar,SEMEVAL,SEMEVAL,TRIAL,[strumming, playing]
2573,A man is playing a flute made of bamboo,A man is playing a bamboo flute,ENTAILMENT,4.9,A_entails_B,B_entails_A,a man is playing a bamboo flute,a man is playing a bamboo flute,SEMEVAL,SEMEVAL,TEST,[made, of]
2584,A person is slicing some mushrooms,A person is cutting some mushrooms,ENTAILMENT,4.7,A_entails_B,B_entails_A,a person is cutting mushrooms,a person is cutting mushrooms,SEMEVAL,SEMEVAL,TEST,[slicing, cutting]
2591,A tiger is pacing around a cage,A tiger is walking around a cage,ENTAILMENT,4.8,A_entails_B,B_entails_A,a tiger is walking around his cage,a tiger is walking around his cage,SEMEVAL,SEMEVAL,TRAIN,[pacing, walking]
2615,The lady is dicing onions,The woman is dicing onions,ENTAILMENT,5,A_entails_B,B_entails_A,the woman is dicing onions,the woman is dicing onions,SEMEVAL,SEMEVAL,TRAIN,[lady, woman]
2644,A woman is cutting a potato,A woman is slicing a potato,ENTAILMENT,5,A_entails_B,B_entails_A,a woman is slicing a potato,a woman is slicing a potato,SEMEVAL,SEMEVAL,TEST,[cutting, slicing]
2653,The lady is breaking an egg for the mixer,The lady is cracking an egg for the mixer,ENTAILMENT,4.9,A_entails_B,B_entails_A,the lady cracked an egg for the mixer,the lady cracked an egg for the mixer,SEMEVAL,SEMEVAL,TEST,[breaking, cracking]
2666,A few ferrets are climbing out of the cage,Several ferrets are climbing out of the cage,ENTAILMENT,4.8,A_entails_B,B_entails_A,several ferrets climb out of their cage,several ferrets climb out of their cage,SEMEVAL,SEMEVAL,TRAIN,[few, Several]
2733,A man is playing an acoustic guitar,A man is playing a guitar that is acoustic,ENTAILMENT,4.9,A_entails_B,B_entails_A,a man is playing an acoustic guitar,a man is playing an acoustic guitar,SEMEVAL,SEMEVAL,TEST,[an, that]
2735,The woman is playing a guitar which is electric,The woman is playing an electric guitar,ENTAILMENT,4.8,A_entails_B,B_entails_A,a woman is playing an electric guitar,a woman is playing an electric guitar,SEMEVAL,SEMEVAL,TRAIN,[which, an]
2742,The lady is breaking eggs that are raw into a bowl,The lady is breaking raw eggs into a bowl,ENTAILMENT,4.9,A_entails_B,B_entails_A,the lady broke raw eggs into a bowl,the lady broke raw eggs into a bowl,SEMEVAL,SEMEVAL,TEST,[that, are]
2789,A guinea pig is devouring a carrot,A guinea pig is eating a carrot,ENTAILMENT,5,A_entails_B,B_entails_A,a guinea pig eats a carrot,a guinea pig eats a carrot,SEMEVAL,SEMEVAL,TRAIN,[devouring, eating]
2816,A woman is cooking an egg in a skillet,A woman is preparing an egg in a skillet,ENTAILMENT,4.7,A_entails_B,B_entails_A,a woman is preparing an egg in a skillet,a woman is preparing an egg in a skillet,SEMEVAL,SEMEVAL,TEST,[cooking, preparing]
2829,The lady is penciling on eyeshadow,The woman is penciling on eyeshadow,ENTAILMENT,5,A_entails_B,B_entails_A,the woman is pencilling on eye shadow,the woman is pencilling on eye shadow,SEMEVAL,SEMEVAL,TRIAL,[lady, woman]
2836,A girl is practicing the piano,A girl is playing the piano,ENTAILMENT,4.5,A_entails_B,B_entails_A,a girl is playing the piano,a girl is playing the piano,SEMEVAL,SEMEVAL,TEST,[practicing, playing]
2865,Two people are riding a motorcycle,Two people are driving a motorcycle,ENTAILMENT,4.5,A_entails_B,B_entails_A,two people are riding a motorcycle,two people are riding a motorcycle,SEMEVAL,SEMEVAL,TRAIN,[riding, driving]
2910,A lady is putting on makeup,A woman is putting on makeup,ENTAILMENT,5,A_entails_B,B_entails_A,a woman is putting on makeup,a woman is putting on makeup,SEMEVAL,SEMEVAL,TRAIN,[lady, woman]
2964,A big green ball is knocking a potato,A ball which is green and big is knocking a potato,ENTAILMENT,4.9,A_entails_B,B_entails_A,a big green ball knocks a potato over,a big green ball knocks a potato over,SEMEVAL,SEMEVAL,TRAIN,[which, and]
2986,A boy is playing a keyboard,A boy is practicing the keyboard,ENTAILMENT,4.6,A_entails_B,B_entails_A,a boy is playing a key-board,a boy is playing a key-board,SEMEVAL,SEMEVAL,TEST,[playing, practicing]
2997,A woman is playing an electric guitar,A woman is playing a guitar which is electric,ENTAILMENT,5,A_entails_B,B_entails_A,a woman is playing an electric guitar,a woman is playing an electric guitar,SEMEVAL,SEMEVAL,TRAIN,[an, which]
3017,Three teenage girls are dancing in the room,Three young girls are dancing in the room,ENTAILMENT,4.6,A_entails_B,B_entails_A,three teenage girls danced in the room,three teenage girls danced in the room,SEMEVAL,SEMEVAL,TEST,[teenage, young]
3035,The puppy is playing with a plastic container,The puppy is playing with a container made of plastic,ENTAILMENT,5,A_entails_B,B_entails_A,a puppy plays with a plastic container,a puppy plays with a plastic container,SEMEVAL,SEMEVAL,TEST,[made, of]
3059,A man is pouring oil into a pan,A man is pouring oil into a skillet,ENTAILMENT,4.5,A_entails_B,B_entails_A,a man is pouring oil into a pan,a man is pouring oil into a skillet,SEMEVAL,SEMEVAL,TRAIN,[pan, skillet]
3063,The woman and the man are travelling by car,The woman and the man are travelling by automobile,ENTAILMENT,4.9,A_entails_B,B_entails_A,a woman and man are riding in a car,a woman and man are riding in a car,SEMEVAL,SEMEVAL,TEST,[car, automobile]
3082,The woman is chopping garlic,The woman is slicing garlic,ENTAILMENT,4.7,A_entails_B,B_entails_A,a woman is chopping garlic,a woman is chopping garlic,SEMEVAL,SEMEVAL,TEST,[chopping, slicing]
3117,The man is eating,A man is eating some food,ENTAILMENT,4.7,A_entails_B,B_entails_A,a man is eating food,the man is eating,SEMEVAL,SEMEVAL,TEST,[some, food]
3129,A baby is sneezing and scaring another baby,A baby is sneezing and frightening another baby,ENTAILMENT,4.9,A_entails_B,B_entails_A,a baby sneezed and scared another baby,a baby sneezed and scared another baby,SEMEVAL,SEMEVAL,TRAIN,[scaring, frightening]
3184,A man is trekking in the woods,The man is hiking in the woods,ENTAILMENT,4.7,A_entails_B,B_entails_A,a man is tracking in the wood,the man is hiking in the woods,SEMEVAL,SEMEVAL,TEST,[trekking, hiking]
3187,A woman is slicing a carrot,A woman is cutting a carrot,ENTAILMENT,4.9,A_entails_B,B_entails_A,a woman is slicing a carrot,a woman is slicing a carrot,SEMEVAL,SEMEVAL,TRAIN,[slicing, cutting]
3196,The lady is stirring meat in a bowl,The woman is stirring meat in a bowl,ENTAILMENT,4.9,A_entails_B,B_entails_A,a woman is stirring meat in a bowl,a woman is stirring meat in a bowl,SEMEVAL,SEMEVAL,TEST,[lady, woman]
3212,A kitten is playing with a blue rope toy,A kitten is playing with a toy made of blue rope,ENTAILMENT,4.8,A_entails_B,B_entails_A,a kitten is playing with a blue rope toy,a kitten is playing with a blue rope toy,SEMEVAL,SEMEVAL,TEST,[made, of]
3223,A man is walking slowly across a rope bridge,A man is walking slowly across a bridge made of rope,ENTAILMENT,4.9,A_entails_B,B_entails_A,a man is walking slowly across a rope bridge,a man is walking slowly across a rope bridge,SEMEVAL,SEMEVAL,TRAIN,[made, of]
3250,A woman is placing two eggs into a pot of water,A woman is putting two eggs into a pot of water,ENTAILMENT,4.9,A_entails_B,B_entails_A,a woman places two eggs into a pot of water,a woman places two eggs into a pot of water,SEMEVAL,SEMEVAL,TRIAL,[placing, putting]
3298,The man and woman are strolling,The man and woman are walking,ENTAILMENT,4.5,A_entails_B,B_entails_A,the man and woman are walking,the man and woman are walking,SEMEVAL,SEMEVAL,TRAIN,[strolling, walking]
3348,Someone is typing on a keyboard,Somebody is typing on the keyboard,ENTAILMENT,4.9,A_entails_B,B_entails_A,someone typed on a keyboard,someone typed on a keyboard,SEMEVAL,SEMEVAL,TEST,[Someone, Somebody]
3366,Someone is cleaning an animal,Someone is cleansing an animal,ENTAILMENT,4.5,A_entails_B,B_entails_A,someone is cleaning a animal,someone is cleaning a animal,SEMEVAL,SEMEVAL,TRAIN,[cleaning, cleansing]
3386,One panda is eating a bamboo cane,The panda is eating bamboo,ENTAILMENT,4.6,A_entails_B,B_entails_A,a pankda is eating bamboo,a pankda is eating bamboo,SEMEVAL,SEMEVAL,TRAIN,[One, cane]
3392,A panda bear is eating some bamboo,The panda is eating bamboo,ENTAILMENT,4.9,A_entails_B,B_entails_A,a panda bear is eating some bamboo,a pankda is eating bamboo,SEMEVAL,SEMEVAL,TEST,[bear, some]
3393,Someone is beating an egg,Somebody is beating an egg,ENTAILMENT,4.8,A_entails_B,B_entails_A,someone is beating an egg,someone is beating an egg,SEMEVAL,SEMEVAL,TEST,[Someone, Somebody]
3395,The woman is stirring eggs in a bowl,The lady is stirring eggs in a bowl,ENTAILMENT,4.9,A_entails_B,B_entails_A,a woman stirs eggs in a bowl,a woman stirs eggs in a bowl,SEMEVAL,SEMEVAL,TRAIN,[woman, lady]
3480,A cat with a white coat perched on a small wooden cabinet is looking outside the window,A white cat perched on a small wooden cabinet is looking outside the window,ENTAILMENT,4.8,A_entails_B,B_entails_A,a white cat perched on a small wooden cabinet is looking outside the window,a white cat perched on a small wooden cabinet is looking outside the window,SEMEVAL,SEMEVAL,TRAIN,[with, coat]
3533,Somebody is boiling okra in a pot,Someone is boiling okra in a pot,ENTAILMENT,4.8,A_entails_B,B_entails_A,someone is boiling okra in a pot,someone is boiling okra in a pot,SEMEVAL,SEMEVAL,TRAIN,[Somebody, Someone]
3563,A squirrel is running around in circles,A squirrel is spinning around in circles,ENTAILMENT,4.4,A_entails_B,B_entails_A,a squirrel is spinning around in circles,a squirrel runs around in circles,SEMEVAL,SEMEVAL,TEST,[running, spinning]
3586,A man is playing the drum,A man is practicing the drum,ENTAILMENT,4.6,A_entails_B,B_entails_A,a man plays the drum,a man plays the drum,SEMEVAL,SEMEVAL,TRIAL,[playing, practicing]
3592,A man is playing the drums,A man is playing the drum,ENTAILMENT,4.8,A_entails_B,B_entails_A,a man is playing the drums,a man plays the drum,SEMEVAL,SEMEVAL,TRAIN,[drums, drum]
3606,A monkey is riding a bike,A monkey is riding a bicycle,ENTAILMENT,4.9,A_entails_B,B_entails_A,a monkey is riding a bike,a monkey is riding a bike,SEMEVAL,SEMEVAL,TEST,[bike, bicycle]
3647,The boys are standing in front of the car which is burning,The boys are standing in front of the burning car,ENTAILMENT,5,A_entails_B,B_entails_A,four boys are standing in front of the burning car,four boys are standing in front of the burning car,SEMEVAL,SEMEVAL,TRAIN,[which, is]
3668,A man is strolling in the rain,A man is walking in the rain,ENTAILMENT,5,A_entails_B,B_entails_A,a man is walking in the rain,a man is walking in the rain,SEMEVAL,SEMEVAL,TRAIN,[strolling, walking]
3698,The men are putting suitcases into the trunk of a car,The men are packing suitcases into the trunk of a car,ENTAILMENT,5,A_entails_B,B_entails_A,two men are packing suitcases into the trunk of a car,the men are putting suitcases into the car's trunk,SEMEVAL,SEMEVAL,TEST,[putting, packing]
3710,A toy train is striking a toy car,A toy train is hitting a toy car,ENTAILMENT,4.8,A_entails_B,B_entails_A,a toy train strikes a toy car,a toy train strikes a toy car,SEMEVAL,SEMEVAL,TRAIN,[striking, hitting]
3750,A boy is looking at a calendar,A boy is staring at a calendar,ENTAILMENT,4.2,A_entails_B,B_entails_A,a boy is looking at a calendar,a boy is looking at a calendar,SEMEVAL,SEMEVAL,TRAIN,[looking, staring]
3770,The woman is taking up and holding a baby kangaroo,The woman is picking up and holding a baby kangaroo,ENTAILMENT,4.4,A_entails_B,B_entails_A,a woman picks up and holds a baby kangaroo,a woman picks up and holds a baby kangaroo,SEMEVAL,SEMEVAL,TRAIN,[taking, picking]
3801,A man in a cap is playing a harp,A man in a hat is playing a harp,ENTAILMENT,5,A_entails_B,B_entails_A,a man in a hat is playing a harp,a man in a hat is playing a harp,SEMEVAL,SEMEVAL,TRAIN,[cap, hat]
3853,A cat is playing a piano,A cat is playing keyboards,ENTAILMENT,4.4,A_entails_B,B_entails_A,a cat is playing a piano,a cat is playing keyboards,SEMEVAL,SEMEVAL,TRAIN,[piano, keyboards]
3856,The man is walking along a path through the wilderness,The man is walking along a track through the wilderness,ENTAILMENT,4.7,A_entails_B,B_entails_A,a man is walking along a path through wilderness,a man is walking along a path through wilderness,SEMEVAL,SEMEVAL,TRAIN,[path, track]
3885,A man is dancing,A male is dancing,ENTAILMENT,4.6,A_entails_B,B_entails_A,a man is dancing,a man is dancing,SEMEVAL,SEMEVAL,TRAIN,[man, male]
4015,The lady is picking up the kangaroo,The woman is picking up the kangaroo,ENTAILMENT,4.9,A_entails_B,B_entails_A,the woman picked up the kangaroo,the woman picked up the kangaroo,SEMEVAL,SEMEVAL,TRIAL,[lady, woman]
4066,The man is hurling knives at a tree,The man is throwing knives at a tree,ENTAILMENT,4.6,A_entails_B,B_entails_A,the man is throwing knives at a tree,the man is throwing knives at a tree,SEMEVAL,SEMEVAL,TRIAL,[hurling, throwing]
4100,Someone is playing the guitar,Somebody is playing the guitar,ENTAILMENT,4.8,A_entails_B,B_entails_A,someone is playing guitar,someone is playing guitar,SEMEVAL,SEMEVAL,TRAIN,[Someone, Somebody]
4118,The panda bear is resting on the logs,The panda bear is lying on the logs,ENTAILMENT,4.7,A_entails_B,B_entails_A,the panda bear lay on the logs,the panda bear lay on the logs,SEMEVAL,SEMEVAL,TRAIN,[resting, lying]
4127,A dog is jumping on a trampoline,A dog is bouncing on a trampoline,ENTAILMENT,5,A_entails_B,B_entails_A,a dog bounces on a trampoline,a dog bounces on a trampoline,SEMEVAL,SEMEVAL,TRAIN,[jumping, bouncing]
4135,A dog is bouncing on a trampoline,A dog is jumping on a trampoline,ENTAILMENT,4.7,A_entails_B,B_entails_A,a dog bounces on a trampoline,a dog is jumping on a trampoline,SEMEVAL,SEMEVAL,TRIAL,[bouncing, jumping]
4145,A woman is slicing an onion,A woman is cutting an onion,ENTAILMENT,4.9,A_entails_B,B_entails_A,a woman is cutting an onion,a woman is cutting an onion,SEMEVAL,SEMEVAL,TRAIN,[slicing, cutting]
4163,The man is cleaning the drawing on the board,The man is erasing the drawing on the board,ENTAILMENT,4.6,A_entails_B,B_entails_A,the man erased the work on the board,the man erased the work on the board,SEMEVAL,SEMEVAL,TRAIN,[cleaning, erasing]
4165,The man is erasing the other man's work from the board,The man is erasing the other man's work from the panel,ENTAILMENT,4.4,A_entails_B,B_entails_A,the man erased what the other man had on the board,the man erased what the other man had on the board,SEMEVAL,SEMEVAL,TRAIN,[board, panel]
4172,A woman is cutting a vegetable,A woman is slicing a vegetable,ENTAILMENT,4.7,A_entails_B,B_entails_A,a woman cuts up a vegetable,a woman cuts up a vegetable,SEMEVAL,SEMEVAL,TEST,[cutting, slicing]
4266,A man is rapidly chopping some mushrooms with a knife,A man is quickly chopping some mushrooms with a knife,ENTAILMENT,4.9,A_entails_B,B_entails_A,a man is rapidly chopping some mushrooms using a knife,a man is rapidly chopping some mushrooms using a knife,SEMEVAL,SEMEVAL,TRAIN,[rapidly, quickly]
4268,A person is quickly cutting mushrooms with a knife,A person is quickly chopping mushrooms with a knife,ENTAILMENT,4.9,A_entails_B,B_entails_A,a person is quickly chopping mushrooms with a knife,a person is quickly chopping mushrooms with a knife,SEMEVAL,SEMEVAL,TEST,[cutting, chopping]
4286,The woman is slicing cooked octopus,The woman is cutting cooked octopus,ENTAILMENT,5,A_entails_B,B_entails_A,the woman is cutting cooked octopus,the woman is cutting cooked octopus,SEMEVAL,SEMEVAL,TEST,[slicing, cutting]
4295,An airplane is taking off,An aircraft is taking off,ENTAILMENT,4.8,A_entails_B,B_entails_A,an air plane is taking off,an air plane is taking off,SEMEVAL,SEMEVAL,TRAIN,[airplane, aircraft]
4311,A man is cutting a potato,A man is slicing a potato,ENTAILMENT,4.8,A_entails_B,B_entails_A,a man is cutting a potato,a man is cutting a potato,SEMEVAL,SEMEVAL,TEST,[cutting, slicing]
4313,A woman is slicing a tomato,A woman is cutting a tomato,ENTAILMENT,4.9,A_entails_B,B_entails_A,a woman is cutting a tomato,a woman is cutting a tomato,SEMEVAL,SEMEVAL,TEST,[slicing, cutting]
4537,A cat is sliding upside down under a sofa,A cat is sliding upside down under a couch,ENTAILMENT,4.9,A_entails_B,B_entails_A,a cat is sliding upside down under a couch,a cat is sliding upside down under a couch,SEMEVAL,SEMEVAL,TEST,[sofa, couch]
4553,A man is emptying a container made of plastic,A man is emptying a plastic container,ENTAILMENT,4.9,A_entails_B,B_entails_A,a man is emptying a plastic container,a man is emptying a plastic container,SEMEVAL,SEMEVAL,TRAIN,[made, of]
4564,Two men are battling,Two men are fighting,ENTAILMENT,4.8,A_entails_B,B_entails_A,two men are fighting,two men are fighting,SEMEVAL,SEMEVAL,TRAIN,[battling, fighting]
4618,The boy is cutting the grass by the curb with scissors,The boy is shortening the grass by the curb with scissors,ENTAILMENT,4.8,A_entails_B,B_entails_A,the boy cut the grass by the curb with scissors,the boy cut the grass by the curb with scissors,SEMEVAL,SEMEVAL,TEST,[cutting, shortening]
4643,A man is cutting a cord with a sword,A man is cutting a rope with a sword,ENTAILMENT,4.5,A_entails_B,B_entails_A,a man is cutting a rope with a sword,a man is cutting a rope with a sword,SEMEVAL,SEMEVAL,TRAIN,[cord, rope]
4654,A man is walking along a path through a wilderness,A man is walking along a track through a wilderness,ENTAILMENT,4.6,A_entails_B,B_entails_A,a man is walking along a path through wilderness,a man is walking along a path through wilderness,SEMEVAL,SEMEVAL,TEST,[path, track]
4661,A woman is slicing a potato,A woman is cutting a potato,ENTAILMENT,4.8,A_entails_B,B_entails_A,a woman is cutting a potato,a woman is cutting a potato,SEMEVAL,SEMEVAL,TRIAL,[slicing, cutting]
4683,A woman is slicing garlic,A woman is cutting garlic,ENTAILMENT,4.9,A_entails_B,B_entails_A,a woman is slicing garlics,a woman is slicing garlics,SEMEVAL,SEMEVAL,TRAIN,[slicing, cutting]
4690,A man is holding a small animal in one hand,A man is holding an animal which is small in one hand,ENTAILMENT,4.8,A_entails_B,B_entails_A,a man holds a small animal in one hand,a man holds a small animal in one hand,SEMEVAL,SEMEVAL,TEST,[an, which]
4720,A monkey is practicing martial arts,A chimp is practicing martial arts,ENTAILMENT,4.5,A_entails_B,B_entails_A,a monkey pratices martial arts,a monkey pratices martial arts,SEMEVAL,SEMEVAL,TRAIN,[monkey, chimp]
4728,A man is fixing a silencer to a gun,A man is applying a silencer to a gun,ENTAILMENT,4.485,A_entails_B,B_entails_A,a man is adding a silencer to a gun,a man is adding a silencer to a gun,SEMEVAL,SEMEVAL,TRAIN,[fixing, applying]
4730,A man is fitting a silencer to a pistol,A man is fitting a silencer to a weapon,ENTAILMENT,4.6,A_entails_B,B_entails_A,a man is fitting silencer on a pistol,a man is fitting silencer on a pistol,SEMEVAL,SEMEVAL,TEST,[pistol, weapon]
4750,The girl is sitting on the couch and is crocheting,The girl is sitting on the sofa and crocheting,ENTAILMENT,5,A_entails_B,B_entails_A,the girl sat on the couch to crochet,the girl sat on the couch to crochet,SEMEVAL,SEMEVAL,TEST,[couch, sofa]
4766,A man is cooking a snake,A man is roasting a snake,ENTAILMENT,4.7,A_entails_B,B_entails_A,a man is preparing a snake for cooking,a man is preparing a snake for cooking,SEMEVAL,SEMEVAL,TRAIN,[cooking, roasting]
4777,A little boy is playing a guitar,A young boy is playing a guitar,ENTAILMENT,4.6,A_entails_B,B_entails_A,a little boy is playing a guitar,a little boy is playing a guitar,SEMEVAL,SEMEVAL,TRAIN,[little, young]
4815,A person is slicing some ginger,A person is cutting some ginger,ENTAILMENT,4.9,A_entails_B,B_entails_A,a person cuts ginger,a person cuts ginger,SEMEVAL,SEMEVAL,TRAIN,[slicing, cutting]
4826,A man is slicing a potato into pieces,A man is cutting a potato into pieces,ENTAILMENT,4.6,A_entails_B,B_entails_A,a man is slicing a potato into pieces,a man is slicing a potato into pieces,SEMEVAL,SEMEVAL,TRAIN,[slicing, cutting]
4830,A man is slicing a potato,A man is slicing a potato into pieces,ENTAILMENT,4.9,A_entails_B,B_entails_A,a man is slicing a potato into pieces,a man is cutting a potato,SEMEVAL,SEMEVAL,TEST,[into, pieces]
4869,A woman is cutting potatoes,A woman is slicing potatoes,ENTAILMENT,4.9,A_entails_B,B_entails_A,a woman is cutting potatoes,a woman is cutting potatoes,SEMEVAL,SEMEVAL,TRAIN,[cutting, slicing]
4923,A person is cutting garlic into pieces with a knife,A person is slicing garlic into pieces with a knife,ENTAILMENT,4.815,A_entails_B,B_entails_A,a person is cutting garlic into pieces with a knife,a person is cutting garlic into pieces with a knife,SEMEVAL,SEMEVAL,TEST,[cutting, slicing]
4935,The military officer is shouting at the recruits,The military officer is barking at the recruits,ENTAILMENT,4.8,A_entails_B,B_entails_A,the military officer barked at the recruits,the military officer barked at the recruits,SEMEVAL,SEMEVAL,TEST,[shouting, barking]
4965,A woman is cutting a fish,A woman is slicing a fish,ENTAILMENT,5,A_entails_B,B_entails_A,a woman slices a fish,a woman slices a fish,SEMEVAL,SEMEVAL,TRAIN,[cutting, slicing]
4999,A big cat is opening a drawer made of plastic with its paws and is jumping inside,A big cat is opening a plastic drawer with its paws and is jumping inside,ENTAILMENT,4.9,A_entails_B,B_entails_A,a big cat opens a plastic drawer with his paws and then hops inside,a big cat opens a plastic drawer with his paws and then hops inside,SEMEVAL,SEMEVAL,TEST,[made, of]
5008,A man is cutting an onion,A man is chopping an onion,ENTAILMENT,4.8,A_entails_B,B_entails_A,a man is cutting an onion,a man is cutting an onion,SEMEVAL,SEMEVAL,TEST,[cutting, chopping]
5028,The man is speaking on the phone,The man is talking on the phone,ENTAILMENT,4.8,A_entails_B,B_entails_A,the man is talking on the phone,the man is talking on the phone,SEMEVAL,SEMEVAL,TEST,[speaking, talking]
5030,The man is talking on the telephone,The man is speaking on the telephone,ENTAILMENT,4.9,A_entails_B,B_entails_A,the man talked on the telephone,the man talked on the telephone,SEMEVAL,SEMEVAL,TRIAL,[talking, speaking]
5038,The man is talking on the telephone,The man is talking on the phone,ENTAILMENT,4.8,A_entails_B,B_entails_A,the man is talking on the phone,the man talked on the telephone,SEMEVAL,SEMEVAL,TEST,[telephone, phone]
5039,A man is slicing onions,A man is cutting onions,ENTAILMENT,4.9,A_entails_B,B_entails_A,a man is cutting onions,a man is cutting onions,SEMEVAL,SEMEVAL,TRAIN,[slicing, cutting]
5061,A man is chopping a potato,A man is cutting a potato,ENTAILMENT,4.6,A_entails_B,B_entails_A,a man cuts a potato,a man is slicing a potato,SEMEVAL,SEMEVAL,TEST,[chopping, cutting]
5065,A man is slicing a potato,A man is cutting a potato,ENTAILMENT,4.9,A_entails_B,B_entails_A,a man cuts a potato,a man is slicing a potato,SEMEVAL,SEMEVAL,TEST,[slicing, cutting]
5104,A chef is preparing a meal,A chef is cooking a meal,ENTAILMENT,4.5,A_entails_B,B_entails_A,a chef prepared a meal,a chef prepared a meal,SEMEVAL,SEMEVAL,TEST,[preparing, cooking]
5113,Two sumo ringers are fighting,Two sumo wrestlers are fighting,ENTAILMENT,4,A_entails_B,B_entails_A,two sumo ringers are fighting each other,two sumo ringers are fighting each other,SEMEVAL,SEMEVAL,TRIAL,[ringers, wrestlers]
5147,A man is buttering a piece of bread,A man is buttering a slice of bread,ENTAILMENT,4.6,A_entails_B,B_entails_A,a man is buttering a piece of bread,a man is buttering a piece of bread,SEMEVAL,SEMEVAL,TRAIN,[piece, slice]
5210,A man is riding a motorcycle,A man is riding a motorbike,ENTAILMENT,4.8,A_entails_B,B_entails_A,a man is riding a motorcycle,a man is riding a motorcycle,SEMEVAL,SEMEVAL,TEST,[motorcycle, motorbike]
5230,A tiger is walking around,A tiger is strolling around,ENTAILMENT,5,A_entails_B,B_entails_A,a tiger is walking around,a tiger is walking around,SEMEVAL,SEMEVAL,TEST,[walking, strolling]
5266,Somebody is folding a piece of paper,Someone is folding a piece of paper,ENTAILMENT,5,A_entails_B,B_entails_A,someone is folding a piece of paper,someone is folding a piece of paper,SEMEVAL,SEMEVAL,TEST,[Somebody, Someone]
5268,Somebody is folding a piece of paper,A person is folding a piece of paper,ENTAILMENT,4.7,A_entails_B,B_entails_A,a person is folding a piece of paper,someone is folding a piece of paper,SEMEVAL,SEMEVAL,TEST,[Somebody, person]
5272,A person is folding a piece of paper,Someone is folding a piece of paper,ENTAILMENT,4.8,A_entails_B,B_entails_A,a person is folding a piece of paper,someone is folding a piece of paper,SEMEVAL,SEMEVAL,TEST,[person, Someone]
5327,A man is jumping into a pool,A man is diving into a pool,ENTAILMENT,4.8,A_entails_B,B_entails_A,a man dives into a pool,a man dives into a pool,SEMEVAL,SEMEVAL,TRAIN,[jumping, diving]
5362,The lady is peeling the potato,A woman is peeling a potato,ENTAILMENT,5,A_entails_B,B_entails_A,a woman is peeling a potato,the lady peeled the potatoe,SEMEVAL,SEMEVAL,TRAIN,[lady, woman]
5390,A man is putting some food in a box,A man is putting some food in a container,ENTAILMENT,4.4,A_entails_B,B_entails_A,a man is putting foods in a box,a man is putting foods in a box,SEMEVAL,SEMEVAL,TEST,[box, container]
5432,Someone is reading the email,A person is reading the email,ENTAILMENT,4.8,A_entails_B,B_entails_A,someone is reading an email,a man is reading his email,SEMEVAL,SEMEVAL,TRAIN,[Someone, person]
5489,A man is cutting tomatoes,A man is slicing tomatoes,ENTAILMENT,5,A_entails_B,B_entails_A,a man is cutting tomatoes,a man is cutting tomatoes,SEMEVAL,SEMEVAL,TRAIN,[cutting, slicing]
5525,A woman is cutting onions,A woman is chopping onions,ENTAILMENT,4.5,A_entails_B,B_entails_A,a woman is cutting onions,a woman is cutting onions,SEMEVAL,SEMEVAL,TRAIN,[cutting, chopping]
5527,A woman is slicing tofu,A woman is cutting tofu,ENTAILMENT,4.8,A_entails_B,B_entails_A,a woman is cutting tofu,a woman is cutting tofu,SEMEVAL,SEMEVAL,TEST,[slicing, cutting]
5570,A man is breaking a slab of concrete with a sledge hammer,A man is breaking a block of concrete with a sledge hammer,ENTAILMENT,4.7,A_entails_B,B_entails_A,a man breaks a slab of concrete that is lying on a prone man with a sledge hammer,a man breaks a slab of concrete that is lying on a prone man with a sledge hammer,SEMEVAL,SEMEVAL,TEST,[slab, block]
5597,A man is talking,A man is speaking,ENTAILMENT,4.9,A_entails_B,B_entails_A,a man is speaking,a man is speaking,SEMEVAL,SEMEVAL,TEST,[talking, speaking]
5615,A man is cutting a boot with a sword,A man is cutting a boot with a blade,ENTAILMENT,4.7,A_entails_B,B_entails_A,a man is cutting a boot with a sword,a man is cutting a boot with a sword,SEMEVAL,SEMEVAL,TRAIN,[sword, blade]
5617,A person is severing the toe of an empty leather boot with a sword,A man is severing the toe of an empty leather boot with a sword,ENTAILMENT,4.815,A_entails_B,B_entails_A,a man severs the toe of an empty leather boot using a sword,a man severs the toe of an empty leather boot using a sword,SEMEVAL,SEMEVAL,TRAIN,[person, man]
5626,A man is wiping the edge of a bowl,A man is cleaning the edge of a bowl,ENTAILMENT,4.9,A_entails_B,B_entails_A,a man is wiping the edge of a bowl off,a man is wiping the edge of a bowl off,SEMEVAL,SEMEVAL,TEST,[wiping, cleaning]
5678,A woman is cutting butter,A woman is slicing butter,ENTAILMENT,4.7,A_entails_B,B_entails_A,a woman is slicing butter,a woman is slicing butter,SEMEVAL,SEMEVAL,TRAIN,[cutting, slicing]
5713,A man is shooting a shotgun,A man is firing a shotgun,ENTAILMENT,4.9,A_entails_B,B_entails_A,a man is firing a shot gun,a man shoots a shotgun,SEMEVAL,SEMEVAL,TEST,[shooting, firing]
5743,A tiger cub is playing with a ball,A baby tiger is playing with a ball,ENTAILMENT,4.9,A_entails_B,B_entails_A,a baby tiger is playing with a ball,a baby tiger is playing with a ball,SEMEVAL,SEMEVAL,TEST,[cub, baby]
5750,The man is playing a game on a lawn,The man is playing a game on the grass,ENTAILMENT,4.2,A_entails_B,B_entails_A,the men played follow the leader on the grass,the men played follow the leader on the grass,SEMEVAL,SEMEVAL,TRAIN,[lawn, grass]
5762,A woman is cracking eggs,A woman is breaking eggs,ENTAILMENT,4.8,A_entails_B,B_entails_A,a woman is cracking eggs,a woman is cracking eggs,SEMEVAL,SEMEVAL,TRAIN,[cracking, breaking]
5779,A cat is jumping into a container,A cat is jumping into a box,ENTAILMENT,4.4,A_entails_B,B_entails_A,a cat is jumping into a box,a cat is jumping into a box,SEMEVAL,SEMEVAL,TRAIN,[container, box]
5796,A man is slicing a fish,A man is cutting a fish,ENTAILMENT,4.7,A_entails_B,B_entails_A,a man is cutting up a fish,a man is slicing open a fish,SEMEVAL,SEMEVAL,TEST,[slicing, cutting]
5815,A woman is cutting a tomato,A woman is slicing a tomato,ENTAILMENT,4.8,A_entails_B,B_entails_A,a woman is cutting a tomatoe,a woman is cutting a tomatoe,SEMEVAL,SEMEVAL,TRAIN,[cutting, slicing]
5842,The man is playing the guitar,The man is playing the instrument,ENTAILMENT,4.4,A_entails_B,B_entails_A,the man is playing the guitar,the man is playing the guitar,SEMEVAL,SEMEVAL,TRAIN,[guitar, instrument]
5875,An animal is biting a person's finger,An animal is biting someone's finger,ENTAILMENT,5,A_entails_B,B_entails_A,an animal is biting a persons finger,a slow loris is biting a persons finger,SEMEVAL,SEMEVAL,TRAIN,[person's, someone's]
5983,A large white crane is flying near the water,A crane which is large and white is flying near the water,ENTAILMENT,4.9,A_entails_B,B_entails_A,large white crane is flying low near the water,large white crane is flying low near the water,FLICKR,FLICKR,TRAIN,[which, and]
5996,A dog with golden fur is in the water,A dog with a golden coat is in the water,ENTAILMENT,4.9,A_entails_B,B_entails_A,a dog with golden fur is chest deep in water,a dog with golden fur is chest deep in water,FLICKR,FLICKR,TRAIN,[fur, coat]
6003,A girl in a blue shirt who looks young is walking on the sidewalk and holding up a pink sign,A young girl in a blue shirt is walking on the sidewalk and holding up a pink sign,ENTAILMENT,4.9,A_entails_B,B_entails_A,a young girl in a blue shirt is walking in the sidewalk and holding up a pink sign that says the rescue.,a young girl in a blue shirt is walking in the sidewalk and holding up a pink sign that says the rescue.,FLICKR,FLICKR,TEST,[who, looks]
6014,One man in a big city is holding up a sign and begging for money,A man in a big city is holding a sign and begging for money,ENTAILMENT,5,A_entails_B,B_entails_A,a man in seattle holds a sign begging for money,a man in seattle holds a sign begging for money,FLICKR,FLICKR,TRAIN,[One, up]
6027,A dog is chasing the tail of an animal in the grass,The tail of an animal is being chasing by a dog in the grass,ENTAILMENT,4.9,A_entails_B,B_entails_A,a dog chasing an animals tail on the grass,a dog chasing an animals tail on the grass,FLICKR,FLICKR,TRAIN,[being, by]
6034,The small child is walking through the water and is being guided by another person,The small child is wading through the water and is being guided by another person,ENTAILMENT,4.6,A_entails_B,B_entails_A,a small child wades through the water while being guided by another person,a small child wades through the water while being guided by another person,FLICKR,FLICKR,TEST,[walking, wading]
6085,The brown dogs are playfully fighting on the sandy beach,The brown dogs are playfully fighting on the sandy shore,ENTAILMENT,4.8,A_entails_B,B_entails_A,two brown dogs chase and playfully fight with each other on the sandy beach,two brown dogs chase and playfully fight with each other on the sandy beach,FLICKR,FLICKR,TRAIN,[beach, shore]
6135,A group of racing dogs is wearing striped uniforms and is running down a track,A group of dogs bred for racing is wearing striped uniforms and is running down a track,ENTAILMENT,4.7,A_entails_B,B_entails_A,a group of racing dogs wearing striped uniforms with numbers run down a track,a group of racing dogs wearing striped uniforms with numbers run down a track,FLICKR,FLICKR,TRAIN,[bred, for]
6223,The crowd is watching two cars designed for racing that are leaving the starting line,The crowd is watching two racing cars that are leaving the starting line,ENTAILMENT,4.7,A_entails_B,B_entails_A,a crowd watches as two formula one cars leave the starting line,a crowd watches as two formula one cars leave the starting line,FLICKR,FLICKR,TEST,[designed, for]
6248,The cop is sitting on a police bike,The cop is sitting on a police bicycle,ENTAILMENT,4.8,A_entails_B,B_entails_A,a cop sitting on his police bike,a cop sitting on his police bike,FLICKR,FLICKR,TRAIN,[bike, bicycle]
6259,Two women are wearing bikinis on the sandy beach,Two women are wearing bikinis on the beach which is sandy,ENTAILMENT,4.9,A_entails_B,B_entails_A,two women wearing bikinis on a sandy beach,two women wearing bikinis on a sandy beach,FLICKR,FLICKR,TRAIN,[which, is]
6297,The man is sitting outside under a purple umbrella,The man is sitting outdoors under a purple umbrella,ENTAILMENT,5,A_entails_B,B_entails_A,the man is sitting outside on the street under a purple umbrella,the man is sitting outside on the street under a purple umbrella,FLICKR,FLICKR,TRAIN,[outside, outdoors]
6308,A lady is standing near three children,A woman is standing near three children,ENTAILMENT,4.9,A_entails_B,B_entails_A,a woman and three children,a woman and three children,FLICKR,FLICKR,TRAIN,[lady, woman]
6388,The people are walking on the road beside a beautiful waterfall,The people are walking on the road beside a waterfall which is beautiful,ENTAILMENT,4.9,A_entails_B,B_entails_A,a beautiful water fall with two people walking on the road beside it,a beautiful water fall with two people walking on the road beside it,FLICKR,FLICKR,TEST,[which, is]
6395,A dog is herding a group of white sheep on a dusty farm,A dog is herding a pack of white sheep on a dusty farm,ENTAILMENT,5,A_entails_B,B_entails_A,a wolf-like dog herds a pack of white sheep on a dusty farm,a wolf-like dog herds a pack of white sheep on a dusty farm,FLICKR,FLICKR,TRAIN,[group, pack]
6437,Two adults are sitting in the chairs and are watching the ocean,Some adults are sitting in the chairs and are watching the ocean,ENTAILMENT,4.7,A_entails_B,B_entails_A,two adults sitting in chairs overlooking the ocean,two adults sitting in chairs overlooking the ocean,FLICKR,FLICKR,TEST,[Two, Some]
6439,A couple is sitting on a patio and is staring at the ocean,A couple is sitting on a patio and looking at the ocean,ENTAILMENT,4.7,A_entails_B,B_entails_A,a couple sit on a patio overlooking the ocean,a couple sit on a patio overlooking the ocean,FLICKR,FLICKR,TEST,[staring, looking]
6506,A little black dog is chasing a little brown dog,A dog which is little and black is chasing a little brown dog,ENTAILMENT,4.8,A_entails_B,B_entails_A,a little black dog chasing a little brown one,a little black dog chasing a little brown one,FLICKR,FLICKR,TRAIN,[which, and]
6546,A child who looks young is standing in front of some trees,A young child is standing in front of some trees,ENTAILMENT,4.9,A_entails_B,B_entails_A,a young child is standing in front of some trees,a young child is standing in front of some trees,FLICKR,FLICKR,TRAIN,[who, looks]
6555,Two people are looking at a statue made of gold,Two people are looking at a gold statue,ENTAILMENT,4.5,A_entails_B,B_entails_A,two people look up towards a gold statue,two people look up towards a gold statue,FLICKR,FLICKR,TRAIN,[made, of]
6584,A young female is dancing,A young girl is dancing,ENTAILMENT,4.7,A_entails_B,B_entails_A,a young girl dancing,a young girl dancing,FLICKR,FLICKR,TRAIN,[female, girl]
6622,A white dog with beige spots is running through a field,A white dog with beige spots is speeding through a field,ENTAILMENT,4.7,A_entails_B,B_entails_A,a white dog with beige spots is running through a field,a white dog with beige spots is running through a field,FLICKR,FLICKR,TEST,[running, speeding]
6680,Three boys are jumping off a platform,Some boys are jumping off a platform,ENTAILMENT,4.8,A_entails_B,B_entails_A,three boys jumping off of a platform,three boys jumping off of a platform,FLICKR,FLICKR,TEST,[Three, Some]
6707,A little child in a pink sweater is climbing a concrete staircase,A small child in a pink sweater is climbing a concrete staircase,ENTAILMENT,4.8,A_entails_B,B_entails_A,a small child in a pink sweater begins to climb a concrete staircase,a small child in a pink sweater begins to climb a concrete staircase,FLICKR,FLICKR,TEST,[little, small]
6756,A large brown dog and a small grey dog are standing on a rocky surface,A big brown dog and a small grey dog are standing on a rocky surface,ENTAILMENT,4.8,A_entails_B,B_entails_A,a large brown dog and a small grey dog on a rocky surface with weeds behind them,a large brown dog and a small grey dog on a rocky surface with weeds behind them,FLICKR,FLICKR,TRIAL,[large, big]
6776,A black dog in the snow is jumping off the ground and catching a stick,A black dog in the snow is leaping off the ground and catching a stick,ENTAILMENT,5,A_entails_B,B_entails_A,a black dog in snow is jumping off the ground to catch a stick,a black dog in snow is jumping off the ground to catch a stick,FLICKR,FLICKR,TEST,[jumping, leaping]
6792,Two children are peering over a ledge which is rusty,Two children are peering over a rusty ledge,ENTAILMENT,4.9,A_entails_B,B_entails_A,two children peer over a rusty ledge,two children peer over a rusty ledge,FLICKR,FLICKR,TEST,[which, is]
6794,Two children are crouching under some bars made of metal,Two children are crouching under some metal bars,ENTAILMENT,5,A_entails_B,B_entails_A,two children trying to squeeze under some metal bars,two children trying to squeeze under some metal bars,FLICKR,FLICKR,TEST,[made, of]
6832,The kids are chasing each other in the sand,The children are chasing each other in the sand,ENTAILMENT,4.9,A_entails_B,B_entails_A,two kids chasing each other in the sand,two kids chasing each other in the sand,FLICKR,FLICKR,TEST,[kids, children]
6863,A brown dog is running through the grass which is tall and green,A brown dog is running through tall green grass,ENTAILMENT,5,A_entails_B,B_entails_A,a brown dog is running through tall green grass,a brown dog is running through tall green grass,FLICKR,FLICKR,TRAIN,[which, and]
6879,The large brown dog is running outdoors in the dirt,The large brown dog is running outside in the dirt,ENTAILMENT,4.9,A_entails_B,B_entails_A,the large brown dog is running outside in the dirt,the large brown dog is running outside in the dirt,FLICKR,FLICKR,TRAIN,[outdoors, outside]
6881,A dog is running alongside a fence on a dirt track,A dog is running alongside a fence on a track full of dirt,ENTAILMENT,4.9,A_entails_B,B_entails_A,a dog running along a fence on a dirt track,a dog running along a fence on a dirt track,FLICKR,FLICKR,TEST,[full, of]
6888,A young girl in a coat made for winter is jumping off a boulder into the sand at a beach,A young girl in a winter coat is jumping off a boulder into the sand at a beach,ENTAILMENT,4.8,A_entails_B,B_entails_A,young girl in winter coat jumping off a boulder into the sand at a beach,young girl in winter coat jumping off a boulder into the sand at a beach,FLICKR,FLICKR,TEST,[made, for]
6899,A young man with brown hair and shades is sitting in front of some cans of soda,A young man with brown hair and sunglasses is sitting in front of some cans of soda,ENTAILMENT,5,A_entails_B,B_entails_A,a young man with brown hair and sunglasses sits by cans of soda,a young man with brown hair and sunglasses sits by cans of soda,FLICKR,FLICKR,TRAIN,[shades, sunglasses]
6906,A woman wearing a blue and white uniform with a white and blue hat is keeping her mouth open and is near others dressed in the same fashion,The woman wearing the blue and white uniform with a white and blue hat is keeping her mouth open and is near others who are dressed in the same fashion,ENTAILMENT,5,A_entails_B,B_entails_A,a woman wearing a blue and white uniform with a white and blue hat on with her mouth open near others dressed the same,a woman wearing a blue and white uniform with a white and blue hat on with her mouth open near others dressed the same,FLICKR,FLICKR,TEST,[who, are]
6928,Somebody is leaping in the air on a board,Somebody is jumping in the air on a board,ENTAILMENT,4.9,A_entails_B,B_entails_A,somebody in the air on a board,somebody in the air on a board,FLICKR,FLICKR,TEST,[leaping, jumping]
6979,A happy family is posing by the fireplace,A family which looks happy is posing by the fireplace,ENTAILMENT,4.5,A_entails_B,B_entails_A,a happy family poses by the fireplace,a happy family poses by the fireplace,FLICKR,FLICKR,TRAIN,[which, looks]
6981,The family is posing by a mantel and a Christmas tree,A family is posing by the mantel and the Christmas tree,ENTAILMENT,5,A_entails_B,B_entails_A,a family posing by the mantle and christmas tree,a family posing by the mantle and christmas tree,FLICKR,FLICKR,TRAIN,[a, the]
7028,Some children are playing on a playground,Some kids are playing on a playground,ENTAILMENT,4.9,A_entails_B,B_entails_A,children playing on a playground,children playing on a playground,FLICKR,FLICKR,TRAIN,[children, kids]
7073,A dog with a black coat is standing in shallow water,A black dog is standing in shallow water,ENTAILMENT,4.8,A_entails_B,B_entails_A,a black dog in shallow water,a black dog in shallow water,FLICKR,FLICKR,TEST,[with, coat]
7173,A young child with hair of black color is taking a picture with a camera,A young child with black hair is taking a picture with a camera,ENTAILMENT,4.9,A_entails_B,B_entails_A,a young child with black hair is taking a picture with a canon camera,a young child with black hair is taking a picture with a canon camera,FLICKR,FLICKR,TEST,[of, color]
7184,Two boys who look small dressed in tuxedos are sitting on a red carpeted floor,Two small boys dressed in tuxedos are sitting on a red carpeted floor,ENTAILMENT,4.8,A_entails_B,B_entails_A,two small boys dressed in tuxedos sitting on a red carpeted floor,two small boys dressed in tuxedos sitting on a red carpeted floor,FLICKR,FLICKR,TEST,[who, look]
7202,A dog with a blanket dyed in blue is running through the grass,A dog with a blue blanket is running through the grass,ENTAILMENT,4.7,A_entails_B,B_entails_A,a dog with a blue blanket runs through the grass,a dog with a blue blanket runs through the grass,FLICKR,FLICKR,TEST,[dyed, in]
7236,A brown and white dog is leaping in the air with a tennis ball in its mouth,A brown and white dog is jumping in the air with a tennis ball in its mouth,ENTAILMENT,5,A_entails_B,B_entails_A,a brown and white dog is jumping in the air with a tennis ball in its mouth,a brown and white dog is jumping in the air with a tennis ball in its mouth,FLICKR,FLICKR,TEST,[leaping, jumping]
7266,A duck with brown feathers and a green head is flapping its wings in the water,A brown duck with a green head is flapping its wings in the water,ENTAILMENT,4.7,A_entails_B,B_entails_A,a brown duck with a green head flaps its wings in the water,a brown duck with a green head flaps its wings in the water,FLICKR,FLICKR,TEST,[feathers, and]
7275,The dog with the brown coat is playing outdoors,The brown dog is playing outdoors,ENTAILMENT,4.8,A_entails_B,B_entails_A,the brown dog is playing outdoors,the brown dog is playing outdoors,FLICKR,FLICKR,TEST,[with, coat]
7284,A woman in a fur hat and fur coat is standing outside a building,A lady in a fur hat and fur coat is standing outside a building,ENTAILMENT,4.8,A_entails_B,B_entails_A,a woman in a fur hat and fur coat stands outside a building,a woman in a fur hat and fur coat stands outside a building,FLICKR,FLICKR,TEST,[woman, lady]
7295,A young child is running down a gravel road that is covered with dead leaves,A young child is running down a road made of gravel that is covered with dead leaves,ENTAILMENT,4.8,A_entails_B,B_entails_A,a young child runs down a gravel road covered with dead leaves,a young child runs down a gravel road covered with dead leaves,FLICKR,FLICKR,TEST,[made, of]
7297,One young child is running outside over some fallen leaves,A young child is running outside over the fallen leaves,ENTAILMENT,4.6,A_entails_B,B_entails_A,a young child runs outside amidst fall leaves,a young child runs outside amidst fall leaves,FLICKR,FLICKR,TEST,[One, some]
7337,One man is climbing a rock wall and another man is holding a rope,One man is climbing a wall made of rock and another man is holding a rope,ENTAILMENT,4.9,A_entails_B,B_entails_A,one man is climbing a rock wall while another man below holds a rope,one man is climbing a rock wall while another man below holds a rope,FLICKR,FLICKR,TEST,[made, of]
7348,Small kids are climbing a statue in a park,Small children are climbing a statue in a park,ENTAILMENT,4.9,A_entails_B,B_entails_A,small children climb a statue in a park,small children climb a statue in a park,FLICKR,FLICKR,TEST,[kids, children]
7366,A person is standing on a mountain top,Somebody is standing on a mountain top,ENTAILMENT,4.9,A_entails_B,B_entails_A,a person stands on a mountain top,a person stands on a mountain top,FLICKR,FLICKR,TEST,[person, Somebody]
7386,A kid is smiling at the camera and swimming underwater,A child is smiling at the camera and swimming underwater,ENTAILMENT,4.7,A_entails_B,B_entails_A,a child smiling at the camera while swimming underwater,a child smiling at the camera while swimming underwater,FLICKR,FLICKR,TRAIN,[kid, child]
7423,A dog is chasing a ball on the grass,A dog is chasing a ball in the grass,ENTAILMENT,4.9,A_entails_B,B_entails_A,a dog chases a nerf ball in the grass,dog chasing after a ball on the grass,FLICKR,FLICKR,TRAIN,[on, in]
7426,A tan dog is jumping up and catching a tennis ball,A dog with a tan coat is jumping up and catching a tennis ball,ENTAILMENT,4.9,A_entails_B,B_entails_A,a tan dog jumps up to catch a tennis ball,a tan dog jumps up to catch a tennis ball,FLICKR,FLICKR,TEST,[with, coat]
7445,The little girl is swinging and the woman is standing behind her,The girl who is little is swinging and the woman is standing behind,ENTAILMENT,4.9,A_entails_B,B_entails_A,a little girl swings a woman stands behind her,a little girl swings a woman stands behind her,FLICKR,FLICKR,TRIAL,[her, who]
7469,A man and two women in a dark room are sitting at a table with candles,A man and two women in a darkened room are sitting at a table with candles,ENTAILMENT,4.9,A_entails_B,B_entails_A,a man and two women sit in a darkened room at a table with candles,a man and two women sit in a darkened room at a table with candles,FLICKR,FLICKR,TEST,[dark, darkened]
7479,Two guys are sitting around a table and holding beers in their hands,Two blokes are sitting around a table and holding beers in their hands,ENTAILMENT,4.6,A_entails_B,B_entails_A,there are two guys sitting around a table both with beers in their hands,there are two guys sitting around a table both with beers in their hands,FLICKR,FLICKR,TRAIN,[guys, blokes]
7508,Two dogs are battling for a frisbee in a lake,Two dogs are fighting for a frisbee in a lake,ENTAILMENT,4.9,A_entails_B,B_entails_A,two dogs both fighting for control of a frisbee while in a lake,two dogs both fighting for control of a frisbee while in a lake,FLICKR,FLICKR,TRAIN,[battling, fighting]
7517,The girl is wearing a shirt colored in white with a pink skirt and is standing in front of a house,The girl is wearing a white shirt and a pink skirt and is standing in front of a house,ENTAILMENT,4.8,A_entails_B,B_entails_A,the girl is wearing a white shirt with pink skirt and she is standing in front of a house,the girl is wearing a white shirt with pink skirt and she is standing in front of a house,FLICKR,FLICKR,TEST,[colored, with]
7557,A small boy in a striped shirt is sliding out of a green tube,A little boy in a striped shirt is sliding out of a green tube,ENTAILMENT,4.9,A_entails_B,B_entails_A,small boy in striped shirt sliding out of green tube,small boy in striped shirt sliding out of green tube,FLICKR,FLICKR,TRAIN,[small, little]
7588,A person is looking at a bike designed for motocross that is lying on its side and another is racing by,A person is looking at a motocross bike that is lying on its side and another is racing by,ENTAILMENT,4.5,A_entails_B,B_entails_A,a looker on catches a motocross bike on it's side after a spill while another races by,a looker on catches a motocross bike on it's side after a spill while another races by,FLICKR,FLICKR,TRAIN,[designed, for]
7595,Two dogs are frolicking in the snow,Two dogs are playing in the snow,ENTAILMENT,4.7,A_entails_B,B_entails_A,two dogs play in the snow,two dogs play in the snow,FLICKR,FLICKR,TEST,[frolicking, playing]
7628,A man is wearing a red jacket and standing beside a yellow canoe on some rocks with water in the background,A man is wearing a red jacket and standing beside a yellow canoe on some boulders with water in the background,ENTAILMENT,4.9,A_entails_B,B_entails_A,a man wearing a red jacket standing beside a yellow canoe on some rocks with water in the background,a man wearing a red jacket standing beside a yellow canoe on some rocks with water in the background,FLICKR,FLICKR,TEST,[rocks, boulders]
7635,The dog with the black coat is walking along a tree trunk bridge over water,The black dog is walking along a tree trunk bridge over water,ENTAILMENT,4.9,A_entails_B,B_entails_A,the black dog is walking along a tree trunk bridge over water,the black dog is walking along a tree trunk bridge over water,FLICKR,FLICKR,TEST,[with, coat]
7666,The man is doing a handstand on the wet shore at the edge of the water at the beach,The man is doing a handstand on the wet sand at the edge of the water at the beach,ENTAILMENT,4.5,A_entails_B,B_entails_A,the male is doing a handstand on the wet sand at the edge of the water at the beach,the male is doing a handstand on the wet sand at the edge of the water at the beach,FLICKR,FLICKR,TRAIN,[shore, sand]
7675,A boy of young age is playing in the park with his mother,A young boy is playing in the park with his mother,ENTAILMENT,4.9,A_entails_B,B_entails_A,a young boy is playing in the park with his mother,a young boy is playing in the park with his mother,FLICKR,FLICKR,TRAIN,[of, age]
7695,Two children are bouncing on colorful balls,Two kids are bouncing on colorful balls,ENTAILMENT,4.8,A_entails_B,B_entails_A,two kids are bouncing on colorful balls,two kids are bouncing on colorful balls,FLICKR,FLICKR,TEST,[children, kids]
7724,A boy under an umbrella is being held by his father who is wearing a coat dyed in blue,A boy under an umbrella is being held by his father who is wearing a blue coat,ENTAILMENT,4.6,A_entails_B,B_entails_A,a boy under an umbrella is held by his father who is wearing a blue coat,a boy under an umbrella is held by his father who is wearing a blue coat,FLICKR,FLICKR,TRAIN,[dyed, in]
7757,People are walking through a crowded street,People are walking through a street which is crowded,ENTAILMENT,4.815,A_entails_B,B_entails_A,people are walking through a crowded street,people are walking through a crowded street,FLICKR,FLICKR,TRAIN,[which, is]
7795,A tennis player is lunging to the left,A tennis player is jumping to the left,ENTAILMENT,4.4,A_entails_B,B_entails_A,tennis player lunges to the left,tennis player lunges to the left,FLICKR,FLICKR,TRIAL,[lunging, jumping]
7806,A man is squatting in brush and taking a photograph,A man is squatting in brush and taking a photo,ENTAILMENT,4.915,A_entails_B,B_entails_A,a man is squatting in brush to take a photograph,a man is squatting in brush to take a photograph,FLICKR,FLICKR,TEST,[photograph, photo]
7815,Two dogs are looking at something that is moving in the water,Two dogs are looking at something that is splashing in the water,ENTAILMENT,4.6,A_entails_B,B_entails_A,two dogs look at something splashing in the water,two dogs look at something splashing in the water,FLICKR,FLICKR,TEST,[moving, splashing]
7822,A black dog is jumping from a cylindrical hay bale,A black dog is leaping from a cylindrical hay bale,ENTAILMENT,4.9,A_entails_B,B_entails_A,a black dog is leaping from a cylindrical hay bale,a black dog is leaping from a cylindrical hay bale,FLICKR,FLICKR,TRAIN,[jumping, leaping]
7851,Two people wearing helmets are riding over the yellow and white flowers,Two people wearing helmets are driving over the yellow and white flowers,ENTAILMENT,4.8,A_entails_B,B_entails_A,two people wearing helmets ride over the yellow and white flowers,two people wearing helmets ride over the yellow and white flowers,FLICKR,FLICKR,TRAIN,[riding, driving]
7908,A small black dog is wearing a red collar and is in the leaves with a blue ball,A little black dog is wearing a red collar and is in the leaves with a blue ball,ENTAILMENT,4.7,A_entails_B,B_entails_A,a little black dog wearing a red collar is in the leaves with a blue ball,a little black dog wearing a red collar is in the leaves with a blue ball,FLICKR,FLICKR,TEST,[small, little]
8021,A brown and white dog is playing on the grass,A brown and white dog is playing on the lawn,ENTAILMENT,4.7,A_entails_B,B_entails_A,a brown and white dog playing on grass,a brown and white dog playing on grass,FLICKR,FLICKR,TRAIN,[grass, lawn]
8028,A tan skinned kid is looking at the camera,A tan skinned child is looking at the camera,ENTAILMENT,4.8,A_entails_B,B_entails_A,a tan-skinned child looking at the camera,a tan-skinned child looking at the camera,FLICKR,FLICKR,TRAIN,[kid, child]
8030,A little boy with a bib is watching the camera,A young boy with a bib is watching the camera,ENTAILMENT,4.8,A_entails_B,B_entails_A,a little boy with a bib on is watching the camera,a little boy with a bib on is watching the camera,FLICKR,FLICKR,TEST,[little, young]
8039,A young boy is diving into a still lake,A young boy is jumping into a still lake,ENTAILMENT,5,A_entails_B,B_entails_A,a young boy jumping into a still lake,a young boy jumping into a still lake,FLICKR,FLICKR,TRAIN,[diving, jumping]
8066,A brown dog is running through a snowy path,A brown dog is running through a snowy trail,ENTAILMENT,4.9,A_entails_B,B_entails_A,a brown dog runs through a snowy trail,a brown dog runs through a snowy trail,FLICKR,FLICKR,TEST,[path, trail]
8082,A black and white dog is playing with a ruined volleyball in a brown field,A black and white dog is playing with a tattered volleyball in a brown field,ENTAILMENT,4.8,A_entails_B,B_entails_A,a black and white dog plays with a tattered volleyball in a brown field,a black and white dog plays with a tattered volleyball in a brown field,FLICKR,FLICKR,TEST,[ruined, tattered]
8111,A family is purchasing something at the vending machine,A family is buying something at the vending machine,ENTAILMENT,5,A_entails_B,B_entails_A,family purchasing standing at a vending machine,family purchasing standing at a vending machine,FLICKR,FLICKR,TEST,[purchasing, buying]
8163,Two people are driving a jeep and a lady is sitting on the top of it,Two people are driving a jeep and a girl is sitting on the top of it,ENTAILMENT,4.8,A_entails_B,B_entails_A,two people drive a jeep while a lady sits on the top of it,two people drive a jeep while a lady sits on the top of it,FLICKR,FLICKR,TRIAL,[lady, girl]
8165,A blond woman is sitting on the roof of a yellow vehicle and two people are inside,A woman with blond hair is sitting on the roof of a yellow vehicle and two people are inside,ENTAILMENT,4.5,A_entails_B,B_entails_A,in rural outdoors blond woman sits on roof of yellow bmw vehicle two people inside,in rural outdoors blond woman sits on roof of yellow bmw vehicle two people inside,FLICKR,FLICKR,TRAIN,[with, hair]
8174,A brown and white dog is jumping over a red yellow and white barrier,A brown and white dog is jumping over a red yellow and white hurdle,ENTAILMENT,4.6,A_entails_B,B_entails_A,a brown and white dog jumping over a red yellow and white pole,a brown and white dog jumping over a red yellow and white pole,FLICKR,FLICKR,TEST,[barrier, hurdle]
8190,Adults and children standing and playing in front of steps near a wooded area,Adults and children standing and playing in front of a stair near a wooded area,ENTAILMENT,4.8,A_entails_B,B_entails_A,adults and children stand and play in front of steps near a wooded area,adults and children stand and play in front of steps near a wooded area,FLICKR,FLICKR,TRAIN,[steps, stair]
8192,The adults and children are being grouped near an outdoor seating arrangement,The adults and children are being gathered near an outdoor seating arrangement,ENTAILMENT,5,A_entails_B,B_entails_A,the adults and children are gathered near an outdoor seating arrangement,the adults and children are gathered near an outdoor seating arrangement,FLICKR,FLICKR,TRAIN,[grouped, gathered]
8244,A young man is getting a motocross bike up a dirt hill,A young man is pushing a motocross bike up a dirt hill,ENTAILMENT,4.6,A_entails_B,B_entails_A,a young man pushes his motocross bike up a dirt hill,a young man pushes his motocross bike up a dirt hill,FLICKR,FLICKR,TEST,[getting, pushing]
8253,A middle aged man and woman are riding bikes down a road beside the water,A middle aged man and woman are riding bikes down a road near the water,ENTAILMENT,4.9,A_entails_B,B_entails_A,a middle aged man and woman ride bikes down a road beside the water,a middle aged man and woman ride bikes down a road beside the water,FLICKR,FLICKR,TEST,[beside, near]
8282,A man is sitting on the grass and drinking from a water bottle,A man is sitting on the lawn and drinking from a water bottle,ENTAILMENT,4.8,A_entails_B,B_entails_A,a man sits on the grass and drinks from a water bottle,a man sits on the grass and drinks from a water bottle,FLICKR,FLICKR,TRAIN,[grass, lawn]
8307,Children are being dressed in costumes and playing a game,Kids are being dressed in costumes and playing a game,ENTAILMENT,4.9,A_entails_B,B_entails_A,kids are dressed in costume and playing a game,kids are dressed in costume and playing a game,FLICKR,FLICKR,TRAIN,[Children, Kids]
8354,Several people are sitting at little tables in a darkened room,Several people are sitting at small tables in a darkened room,ENTAILMENT,4.8,A_entails_B,B_entails_A,several people sitting at small tables in a darkened room,several people sitting at small tables in a darkened room,FLICKR,FLICKR,TEST,[little, small]
8370,Two dogs are leaping through snowy grass and rocks,Two dogs are jumping through snowy grass and rocks,ENTAILMENT,4.8,A_entails_B,B_entails_A,two dogs leap through snowy grass and rocks,two dogs leap through snowy grass and rocks,FLICKR,FLICKR,TEST,[leaping, jumping]
8412,A black dog is jumping off a dock into water,A black dog is jumping from a dock into the water,ENTAILMENT,4.9,A_entails_B,B_entails_A,a black dog jumping from a dock into water,a black lab jumps off a dock into a pond,FLICKR,FLICKR,TRAIN,[off, from]
8453,A man on a motorcycle is turning around a corner,A man on a motorcycle is going around a corner,ENTAILMENT,4.9,A_entails_B,B_entails_A,a man on a motorcycle going around a corner,a man on a motorcycle going around a corner,FLICKR,FLICKR,TRAIN,[turning, going]
8532,A light brown dog is running in the water,A light brown dog is sprinting in the water,ENTAILMENT,4.7,A_entails_B,B_entails_A,a light brown dog is running in the water,a light brown dog is running in the water,FLICKR,FLICKR,TRAIN,[running, sprinting]
8606,A person on a yellow bike is airborne,A cyclist on a yellow bike is airborne,ENTAILMENT,4.9,A_entails_B,B_entails_A,a cyclist on a neon yellow bike is airborne,a cyclist on a neon yellow bike is airborne,FLICKR,FLICKR,TRAIN,[person, cyclist]
8622,Five adults are sitting on stone steps,Five adults are sitting on steps made of stone,ENTAILMENT,4.9,A_entails_B,B_entails_A,five adults are sitting on stone steps,five adults are sitting on stone steps,FLICKR,FLICKR,TRAIN,[made, of]
8633,A man is rock climbing pausing and calculating the route,A man is rock climbing stopping and calculating the route,ENTAILMENT,4.8,A_entails_B,B_entails_A,a man rock climbing pauses to calculate his route,a man rock climbing pauses to calculate his route,FLICKR,FLICKR,TRIAL,[pausing, stopping]
8640,A little girl wearing a pink shirt is playing t-ball and taking a swing,A little girl in a pink shirt is playing t-ball and taking a swing,ENTAILMENT,4.9,A_entails_B,B_entails_A,a little girl in a pink shirt takes a swing at a t-ball,a little girl in a pink shirt takes a swing at a t-ball,FLICKR,FLICKR,TEST,[wearing, in]
8660,A group of rollerbladers is lining up on the street,A group of rollerbladers is lining up on the road,ENTAILMENT,4.9,A_entails_B,B_entails_A,a group of roller bladers is lined up on the street,a group of roller bladers is lined up on the street,FLICKR,FLICKR,TRIAL,[street, road]
8687,Three children are running down hill,Three kids are running down hill,ENTAILMENT,4.8,A_entails_B,B_entails_A,three children running down hill,three children running down hill,FLICKR,FLICKR,TEST,[children, kids]
8705,A shirtless man is posing with a girl who is hiking in a park,A shirtless person is posing with a girl who is hiking in a park,ENTAILMENT,4.6,A_entails_B,B_entails_A,a shirtless man poses with a girl hiking in a park,a shirtless man poses with a girl hiking in a park,FLICKR,FLICKR,TRAIN,[man, person]
8723,A group of people are standing around a sound mixing table,A group of people are standing around a sound mixing console,ENTAILMENT,4.7,A_entails_B,B_entails_A,a group of people are standing around a sound mixing table,a group of people are standing around a sound mixing table,FLICKR,FLICKR,TEST,[table, console]
8795,People are clustered around a bonfire at night,People are sitting around a bonfire at night,ENTAILMENT,4.8,A_entails_B,B_entails_A,people are clustered around a bonfire at night,people are clustered around a bonfire at night,FLICKR,FLICKR,TEST,[clustered, sitting]
8840,A small white dog is running in a lawn,A small white dog is running across a lawn,ENTAILMENT,4.6,A_entails_B,B_entails_A,a small white dog running across a lawn,a small white dog running across a lawn,FLICKR,FLICKR,TEST,[in, across]
8885,A woman is wearing a long black coat and a brown hat and is walking past a park with a lot of blooming trees,A woman is wearing a long black jacket and a brown hat and is walking past a park with a lot of blooming trees,ENTAILMENT,4.7,A_entails_B,B_entails_A,a woman wearing a long black jacket and a brown hat is walking beside a park with a lot of blooming trees,a woman wearing a long black jacket and a brown hat is walking beside a park with a lot of blooming trees,FLICKR,FLICKR,TEST,[coat, jacket]
8948,A woman in a bikini is pulling a dog on a leash at the seashore,A woman in a bikini is pulling a dog on a leash at the beach,ENTAILMENT,4.6,A_entails_B,B_entails_A,a woman in a bikini pulls a dog on a leash at the beach,a woman in a bikini pulls a dog on a leash at the beach,FLICKR,FLICKR,TRAIN,[seashore, beach]
8957,A small group of people are standing and two are sitting on the couch,A small group of people are standing and two are sitting on the sofa,ENTAILMENT,4.8,A_entails_B,B_entails_A,a small group of people standing while two sit on the couch,a small group of people standing while two sit on the couch,FLICKR,FLICKR,TRAIN,[couch, sofa]
9013,A blond kid is going down a slide and throwing up his arms,A blond child is going down a slide and throwing up his arms,ENTAILMENT,4.9,A_entails_B,B_entails_A,blond child throws up her arms as she travels down slide,blond child throws up her arms as she travels down slide,FLICKR,FLICKR,TEST,[kid, child]
9067,Two children are rolling in dirty water,Two children are rolling in muddy water,ENTAILMENT,4.9,A_entails_B,B_entails_A,two children are rolling in muddy water,two children are rolling in muddy water,FLICKR,FLICKR,TRAIN,[dirty, muddy]
9085,A large man is sitting in a military accessories shop,A large man is sitting in a military accessories store,ENTAILMENT,5,A_entails_B,B_entails_A,a large man sits in a military accessories store,a large man sits in a military accessories store,FLICKR,FLICKR,TRAIN,[shop, store]
9103,A young black child is standing on the edge of a body of water near some buckets,A young black child is waiting on the edge of a body of water near some buckets,ENTAILMENT,4.9,A_entails_B,B_entails_A,a young black child stands on the edge of a body of water near buckets,a young black child stands on the edge of a body of water near buckets,FLICKR,FLICKR,TRAIN,[standing, waiting]
9166,A brown and white animal is jumping on the sidewalk,A brown and white dog is jumping on the sidewalk,ENTAILMENT,4.5,A_entails_B,B_entails_A,a brown and white dog jumps on the sidewalk,a brown and white dog jumps on the sidewalk,FLICKR,FLICKR,TEST,[animal, dog]
9168,A small brown and white dog is running on the sidewalk,A little brown and white dog is running on the sidewalk,ENTAILMENT,4.9,A_entails_B,B_entails_A,little brown and white dog running on the sidewalk,little brown and white dog running on the sidewalk,FLICKR,FLICKR,TEST,[small, little]
9193,A woman in blue jeans is standing in front of a group of children beside a house made of stone,A woman in blue jeans is standing in front of a group of children beside a stone built house,ENTAILMENT,4.8,A_entails_B,B_entails_A,a woman in blue jeans is standing in front of a group of children beside a stone built house,a woman in blue jeans is standing in front of a group of children beside a stone built house,FLICKR,FLICKR,TRAIN,[made, built]
9240,The man in blue is posing for a picture next to a vehicle,The man in blue is posing for a picture next to a car,ENTAILMENT,4.8,A_entails_B,B_entails_A,the man in the blue is posing for a picture next to his car,the man in the blue is posing for a picture next to his car,FLICKR,FLICKR,TRAIN,[vehicle, car]
9274,Two dogs and two people are walking in the woods,Two dogs and two people are walking in a wood,ENTAILMENT,4.5,A_entails_B,B_entails_A,two dogs and two people in the woods,two dogs and two people in the woods,FLICKR,FLICKR,TRAIN,[woods, wood]
9285,A man is skiing down a hill and over a red obstacle,A man is skiing down a hill and jumping a red obstacle,ENTAILMENT,4.4,A_entails_B,B_entails_A,a man skiing down a hill and over a red obstacle,a man skiing down a hill and over a red obstacle,FLICKR,FLICKR,TRAIN,[over, jumping]
9319,Three friends are making faces for the camera,Three friends are making faces for a photo,ENTAILMENT,5,A_entails_B,B_entails_A,three friends making faces for the camera,three friends making faces for the camera,FLICKR,FLICKR,TRAIN,[camera, photo]
9359,A surfer is surfing a big wave,A surfer is surfing a huge wave,ENTAILMENT,4.9,A_entails_B,B_entails_A,a surfer surfs a huge wave,a surfer surfs a huge wave,FLICKR,FLICKR,TRIAL,[big, huge]
9366,A person with a red hooded jacket and a black backpack is walking near a rocky wall,A person with a red hooded jacket and a black backpack is moving near a rocky wall,ENTAILMENT,4.7,A_entails_B,B_entails_A,a person with a red hooded jacket and a black backpack is walking near a rocky wall,a person with a red hooded jacket and a black backpack is walking near a rocky wall,FLICKR,FLICKR,TEST,[walking, moving]
9404,Two dogs on the grass are playing with a plastic toy,Two dogs on a lawn are playing with a plastic toy,ENTAILMENT,4.9,A_entails_B,B_entails_A,two dogs on a lawn play with a plastic toy in a distorted photograph,two dogs on a lawn play with a plastic toy in a distorted photograph,FLICKR,FLICKR,TEST,[grass, lawn]
9422,A dog is in the sand that is blowing in the air,A dog is in the sand that is blowing in the wind,ENTAILMENT,4.8,A_entails_B,B_entails_A,a dog and sand blowing in the wind,a dog and sand blowing in the wind,FLICKR,FLICKR,TEST,[air, wind]
9476,A black dog and a white dog are wrestling on the floor,A black dog and a white dog are wrestling on the ground,ENTAILMENT,4.7,A_entails_B,B_entails_A,a black dog and a white dog are wrestling on the ground,a black dog and a white dog are wrestling on the ground,FLICKR,FLICKR,TEST,[floor, ground]
9485,A cluster of four brown dogs are playing in a field of brown grass,A group of four brown dogs are playing in a field of brown grass,ENTAILMENT,4.8,A_entails_B,B_entails_A,a cluster of four brown dogs play in a field of brown grass,a cluster of four brown dogs play in a field of brown grass,FLICKR,FLICKR,TEST,[cluster, group]
9512,A woman is petting a dog near a stone trail,A woman is petting a dog near a stone path,ENTAILMENT,4.9,A_entails_B,B_entails_A,a woman is petting her dog near a stone path,a woman is petting her dog near a stone path,FLICKR,FLICKR,TRAIN,[trail, path]
9539,The rider dressed in orange is driving a motorcycle on one wheel,The orange rider is driving a motorcycle on one wheel,ENTAILMENT,4.8,A_entails_B,B_entails_A,the orange rider is driving a motorcycle on one wheel,the orange rider is driving a motorcycle on one wheel,FLICKR,FLICKR,TEST,[dressed, in]
9541,A man on a yellow sport bike is doing a wheelie and a friend on a black bike is catching up,A biker on a yellow sport bike is doing a wheelie and a friend on a black bike is catching up,ENTAILMENT,4.8,A_entails_B,B_entails_A,a man on a yellow sport bike does a wheelie as his friend on a black bike catches up,a man on a yellow sport bike does a wheelie as his friend on a black bike catches up,FLICKR,FLICKR,TRAIN,[man, biker]
9577,A small black and white dog is carrying a stick and is swimming,A small black and white dog is biting a stick and is swimming,ENTAILMENT,4.3,A_entails_B,B_entails_A,a small black and white dog carries a stick while swimming,a small black and white dog carries a stick while swimming,FLICKR,FLICKR,TRAIN,[carrying, biting]
9584,The woman is holding the paintbrush next to the artist's easel ,The lady is holding the paintbrush next to the artist's easel ,ENTAILMENT,4.9,A_entails_B,B_entails_A,the lady holds her paintbrush next to the artist's easel,the lady holds her paintbrush next to the artist's easel,FLICKR,FLICKR,TRIAL,[woman, lady]
9624,A barefoot man in pajamas is looking toward the stars and is walking on the tennis court,A barefoot man in pajamas is looking toward the sky and is walking on the tennis court,ENTAILMENT,4.6,A_entails_B,B_entails_A,a barefoot man in his pajamas is looking toward the sky while walking on the tennis court,a barefoot man in his pajamas is looking toward the sky while walking on the tennis court,FLICKR,FLICKR,TRAIN,[stars, sky]
9698,A woman is crouching down next to a dog and is smiling at a young girl sitting on the sidewalk,A woman is crouching down next to a dog and is smiling at a little girl sitting on the sidewalk,ENTAILMENT,4.8,A_entails_B,B_entails_A,a woman crouches down next to her terrier dog to smile at a little girl sitting on the sidewalk,a woman crouches down next to her terrier dog to smile at a little girl sitting on the sidewalk,FLICKR,FLICKR,TRAIN,[young, little]
9707,A black and white dog is carrying a big stick on the green grass,A black and white dog is carrying a huge stick on the green grass,ENTAILMENT,4.7,A_entails_B,B_entails_A,a black and white dog carries a huge stick on the green grass,a black and white dog carries a huge stick on the green grass,FLICKR,FLICKR,TEST,[big, huge]
9732,A woman is firing at target practice,A woman is shooting at target practice,ENTAILMENT,4.8,A_entails_B,B_entails_A,a woman shoots at target practice,a woman shoots at target practice,FLICKR,FLICKR,TEST,[firing, shooting]
9750,The large dog is walking outside and is carrying a colorful toy in its mouth,The large dog is walking outside and is holding a colorful toy in its mouth,ENTAILMENT,4.8,A_entails_B,B_entails_A,the large dog is walking outside carrying a colorful toy in its mouth,the large dog is walking outside carrying a colorful toy in its mouth,FLICKR,FLICKR,TEST,[carrying, holding]
