pair_ID,sentence_A,sentence_B,entailment_label,relatedness_score,entailment_AB,entailment_BA,sentence_A_original,sentence_B_original,sentence_A_dataset,sentence_B_dataset,SemEval_set	[sentence_A, sentence_B]
56,Three kids are sitting in the leaves,Three kids are jumping in the leaves,NEUTRAL,3.8,A_contradicts_B,B_neutral_A,Three kids jumping in leaves.,Three kids jumping in leaves.,FLICKR,FLICKR,TRAIN	[sitting, jumping]
75,A little girl is looking at a woman in costume,The little girl is looking at a man in costume,NEUTRAL,3.8,A_contradicts_B,B_neutral_A,The back of a woman in costume ; little girl looks at her,The back of a woman in costume ; little girl looks at her,FLICKR,FLICKR,TEST	[woman, man]
170,A family is watching a little boy who is hitting a baseball,A family is watching a little boy who is missing a baseball,NEUTRAL,3.9,A_contradicts_B,B_neutral_A,A little boy hits a baseball while his family watches,A little boy hits a baseball while his family watches,FLICKR,FLICKR,TRAIN	[hitting, missing]
344,An Asian woman in a crowd is not carrying a black bag,An Asian woman in a crowd is carrying a black bag,NEUTRAL,3.8,A_contradicts_B,B_neutral_A,Asian woman in crowd carrying black bag with pain and spiked knuckle graphic.,Asian woman in crowd carrying black bag with pain and spiked knuckle graphic.,FLICKR,FLICKR,TRAIN	[not]
426,Two men are holding some water standing near fishing poles,Two men are standing near the water and are holding fishing poles,NEUTRAL,3.6,A_contradicts_B,B_neutral_A,Two men stand near the water with their fishing poles.,Two men stand near the water with their fishing poles.,FLICKR,FLICKR,TEST	[some, and]
738,The bride and the groom are arriving after the wedding,The bride and the groom are leaving after the wedding,NEUTRAL,4.3,A_contradicts_B,B_neutral_A,A man and bride walk down the aisle,A man and bride walk down the aisle,FLICKR,FLICKR,TRAIN	[arriving, leaving]
1185,A man and a woman are walking through a desert area,A man and a woman are walking through a wooded area,NEUTRAL,3.6,A_contradicts_B,B_neutral_A,A man and woman are walking arm in arm through a wooded area.,A man and woman are walking arm in arm through a wooded area.,SEMEVAL,SEMEVAL,TEST	[desert, wooded]
1334,The woman is measuring a man,The woman is measuring the other woman,NEUTRAL,3.5,A_contradicts_B,B_neutral_A,The woman is measuring the other woman.,The woman is measuring the other woman.,SEMEVAL,SEMEVAL,TEST	[man, other]
1449,A man is lumping dough,A man is spreading dough,NEUTRAL,4,A_contradicts_B,B_neutral_A,A man is spreading out dough.,A man is spreading out dough.,SEMEVAL,SEMEVAL,TEST	[lumping, spreading]
1530,A horse is standing,A horse is running,NEUTRAL,3.7,A_contradicts_B,B_neutral_A,A horse is standing.,A horse is standing.,SEMEVAL,SEMEVAL,TEST	[standing, running]
1538,A cat is playing a piano,A cat is playing a keyboard,NEUTRAL,4.1,A_contradicts_B,B_neutral_A,A cat is playing a key board.,A cat is playing a key board.,SEMEVAL,SEMEVAL,TRAIN	[piano, keyboard]
1557,A man is dropping a tree,A man is carrying a tree,NEUTRAL,3.6,A_contradicts_B,B_neutral_A,A man is carrying a tree.,A man is carrying a tree.,SEMEVAL,SEMEVAL,TRAIN	[dropping, carrying]
1981,A truck is quickly going down a hill,A truck is quickly going up a hill,NEUTRAL,4,A_contradicts_B,B_neutral_A,A truck is going down a hill.,A truck is going down a hill.,SEMEVAL,SEMEVAL,TRAIN	[down, up]
2028,The guitar is being sold by a lady,The guitar is being played by a lady,NEUTRAL,3.1,A_contradicts_B,B_neutral_A,A lady is playing the guitar.,A lady is playing the guitar.,SEMEVAL,SEMEVAL,TEST	[sold, played]
2207,Two kids are pushing an inflatable crocodile in a pool,Two kids are pushing past a crocodile in an inflatable pool,NEUTRAL,3.2,A_contradicts_B,B_neutral_A,two kids push an inflatable crocodile around in a pool,two kids push an inflatable crocodile around in a pool,SEMEVAL,SEMEVAL,TRAIN	[past]
2229,A woman is tapping her fingers on a table,A woman is resting her fingers on a table,NEUTRAL,4.1,A_contradicts_B,B_neutral_A,a woman is tapping her fingers on a table,a woman is tapping her fingers on a table,SEMEVAL,SEMEVAL,TRIAL	[tapping, resting]
2674,A man is getting off the car,A man is getting into a car,NEUTRAL,4.1,A_contradicts_B,B_neutral_A,a man is getting into a car,a man is getting into a car,SEMEVAL,SEMEVAL,TEST	[off, into]
2966,A big potato is knocking a green ball,A big green ball is knocking a potato,NEUTRAL,3.5,A_contradicts_B,B_neutral_A,a big green ball knocks a potato over,a big green ball knocks a potato over,SEMEVAL,SEMEVAL,TRAIN	[]
3148,A man is missing the soccer ball,A man is kicking a soccer ball,NEUTRAL,4.3,A_contradicts_B,B_neutral_A,a man is kicking a soccer ball,a man is kicking a soccer ball,SEMEVAL,SEMEVAL,TEST	[missing, kicking]
3260,A man is playing the guitar,A man is dropping the guitar,NEUTRAL,3.2,A_contradicts_B,B_neutral_A,a man plays the guitar,a man plays the guitar,SEMEVAL,SEMEVAL,TRAIN	[playing, dropping]
3583,A man is playing a flute,The man is playing a guitar,NEUTRAL,3.035,A_contradicts_B,B_neutral_A,a man is playing a flute,a man is playing a guitar,SEMEVAL,SEMEVAL,TEST	[flute, guitar]
3587,A man is playing the drum,A man is disassembling the drum,NEUTRAL,3.5,A_contradicts_B,B_neutral_A,a man plays the drum,a man plays the drum,SEMEVAL,SEMEVAL,TEST	[playing, disassembling]
3599,The man is not doing floor exercises,A man is doing exercises,NEUTRAL,3.8,A_contradicts_B,B_neutral_A,a man is exercising,a man does floor exercises,SEMEVAL,SEMEVAL,TEST	[not, floor]
3714,A toy train is missing a toy car,A toy train is striking a toy car,NEUTRAL,3.6,A_contradicts_B,B_neutral_A,a toy train is striking a toy car,a toy train strikes a toy car,SEMEVAL,SEMEVAL,TEST	[missing, striking]
3779,A woman is playing the keyboard and a man is dancing,A woman is dancing and a man is playing the keyboard,NEUTRAL,3.6,A_contradicts_B,B_neutral_A,a woman dances while a man plays the keyboard,a woman dances while a man plays the keyboard,SEMEVAL,SEMEVAL,TRAIN	[]
3888,A man is silent,A man is singing,NEUTRAL,2.8,A_contradicts_B,B_neutral_A,a man is singing,a man is singing,SEMEVAL,SEMEVAL,TEST	[silent, singing]
4020,The woman is picking up a baby kangaroo,The kangaroo is picking up the woman,NEUTRAL,3,A_contradicts_B,B_neutral_A,a woman picks up a baby kangaroo,the woman picked up the kangaroo,SEMEVAL,SEMEVAL,TRAIN	[baby]
4026,A man is breaking tiles with his hands,A man is repairing tiles with his hands,NEUTRAL,3.7,A_contradicts_B,B_neutral_A,a man is breaking tiles with his hands,a man is breaking tiles with his hands,SEMEVAL,SEMEVAL,TEST	[breaking, repairing]
4078,The man is riding a horse,A horse is riding over a man,NEUTRAL,2.9,A_contradicts_B,B_neutral_A,the man is riding a horse,the man is riding a horse,SEMEVAL,SEMEVAL,TEST	[over]
4081,A horse is riding over a man,A man is riding a horse,NEUTRAL,3,A_contradicts_B,B_neutral_A,a man is riding on a horse,the man is riding a horse,SEMEVAL,SEMEVAL,TEST	[over]
4083,A man is stopping a horse,The man is riding a horse,NEUTRAL,3.9,A_contradicts_B,B_neutral_A,the man is riding a horse,a man is riding on a horse,SEMEVAL,SEMEVAL,TRAIN	[stopping, riding]
4130,A dog is lying on a trampoline,A dog is jumping on a trampoline,NEUTRAL,3.8,A_contradicts_B,B_neutral_A,a dog is jumping on a trampoline,a dog is jumping on a trampoline,SEMEVAL,SEMEVAL,TEST	[lying, jumping]
4164,The man is erasing the drawing on the board,The woman is erasing the drawing on the board,NEUTRAL,3.7,A_contradicts_B,B_neutral_A,the man erased the work on the board,the man erased the work on the board,SEMEVAL,SEMEVAL,TRIAL	[man, woman]
4428,Some women are talking,Some women are not talking,NEUTRAL,4.1,A_contradicts_B,B_neutral_A,women are talking,women are talking,SEMEVAL,SEMEVAL,TEST	[not]
4471,A man is punching a soccer ball,A man is kicking a soccer ball,NEUTRAL,4,A_contradicts_B,B_neutral_A,a man is kicking a soccer ball,a man is kicking a soccer ball,SEMEVAL,SEMEVAL,TRAIN	[punching, kicking]
4689,A woman is slicing an onion,A woman is slicing garlic,NEUTRAL,3.2,A_contradicts_B,B_neutral_A,a woman is slicing an onion,a woman is slicing garlics,SEMEVAL,SEMEVAL,TRAIN	[onion, garlic]
5086,A man is singing and walking down the road,A man is singing and walking down the sidewalk,NEUTRAL,4.1,A_contradicts_B,B_neutral_A,a man is singing while walking down the sidewalk,a man is singing while walking down the sidewalk,SEMEVAL,SEMEVAL,TRAIN	[road, sidewalk]
5618,A man is severing the toe of an empty leather boot with a sword,A woman is severing the toe of an empty leather boot with a sword,NEUTRAL,4,A_contradicts_B,B_neutral_A,a man severs the toe of an empty leather boot using a sword,a man severs the toe of an empty leather boot using a sword,SEMEVAL,SEMEVAL,TRAIN	[man, woman]
5706,A man is reloading a shotgun,A man is firing a shotgun,NEUTRAL,3.7,A_contradicts_B,B_neutral_A,a man is firing a shot gun,a man is firing a shot gun,SEMEVAL,SEMEVAL,TRIAL	[reloading, firing]
5712,A man is reloading a shotgun,A man is shooting a shotgun,NEUTRAL,4.1,A_contradicts_B,B_neutral_A,a man shoots a shotgun,a man is firing a shot gun,SEMEVAL,SEMEVAL,TRAIN	[reloading, shooting]
5760,A man is talking to a boy,A man is talking to a woman,NEUTRAL,3.4,A_contradicts_B,B_neutral_A,a man is talking to a woman,a man is talking to a woman,SEMEVAL,SEMEVAL,TEST	[boy, woman]
6326,A girl is wearing jeans and a pink shirt and is running,A girl is running with a pink shirt and is not wearing jeans,NEUTRAL,3.9,A_contradicts_B,B_neutral_A,a girls wearing jeans and a pink shirt runs,a girls wearing jeans and a pink shirt runs,FLICKR,FLICKR,TRAIN	[with, not]
6365,The child is playing with toys outdoors,The child is playing with toys indoors,NEUTRAL,3.5,A_contradicts_B,B_neutral_A,the bundled up child is playing with toys outdoors,the bundled up child is playing with toys outdoors,FLICKR,FLICKR,TEST	[outdoors, indoors]
6396,A dog is scattering a pack of white sheep on a dusty farm,A dog is herding a pack of white sheep on a dusty farm,NEUTRAL,3.8,A_contradicts_B,B_neutral_A,a wolf-like dog herds a pack of white sheep on a dusty farm,a wolf-like dog herds a pack of white sheep on a dusty farm,FLICKR,FLICKR,TRIAL	[scattering, herding]
6398,A sheepdog is dispersing a herd of sheep,A sheepdog is grouping a herd of sheep,NEUTRAL,4,A_contradicts_B,B_neutral_A,a sheepdog is rounding up a herd of sheep,a sheepdog is rounding up a herd of sheep,FLICKR,FLICKR,TEST	[dispersing, grouping]
6764,Three boys are resting on rocks along a river,Three boys are walking on rocks along a river,NEUTRAL,3.8,A_contradicts_B,B_neutral_A,three boys walk on rocks along a river,three boys walk on rocks along a river,FLICKR,FLICKR,TRIAL	[resting, walking]
7816,Two dogs are looking at something that is splashing in the water,Two cats are looking at something that is splashing in the water,NEUTRAL,3.9,A_contradicts_B,B_neutral_A,two dogs look at something splashing in the water,two dogs look at something splashing in the water,FLICKR,FLICKR,TEST	[dogs, cats]
7871,A man in a blue cowboy hat is riding a black horse,A man in a blue cowboy hat is riding a white horse,NEUTRAL,3.7,A_contradicts_B,B_neutral_A,a man in a blue cowboy hat is riding a white horse,a man in a blue cowboy hat is riding a white horse,FLICKR,FLICKR,TEST	[black, white]
7881,Three people are driving four wheel ATVs in a street,Three people are driving four wheel ATVs in a field,NEUTRAL,3.7,A_contradicts_B,B_neutral_A,three people on four wheel atv's in a field,three people on four wheel atv's in a field,FLICKR,FLICKR,TRAIN	[street, field]
7937,A woman dressed in elegant clothing is inside a crowd of people and is looking up,A woman dressed in elegant clothing is inside a crowd of people and is looking down,NEUTRAL,3.1,A_contradicts_B,B_neutral_A,a woman dressed in elegant clothing is looking down while inside a crowd of people,a woman dressed in elegant clothing is looking down while inside a crowd of people,FLICKR,FLICKR,TRIAL	[up, down]
8004,A blonde girl is hanging by gymnastic ropes,A blonde man is hanging by gymnastic ropes,NEUTRAL,3,A_contradicts_B,B_neutral_A,a blond girl and brunette brown hanging by gymnastic ropes,a blond girl and brunette brown hanging by gymnastic ropes,FLICKR,FLICKR,TEST	[girl, man]
8049,Two people are sitting with laden baskets and blankets,Two people are walking with laden baskets and blankets,NEUTRAL,4.2,A_contradicts_B,B_neutral_A,two people walking laden down with baskets and blankets,two people walking laden down with baskets and blankets,FLICKR,FLICKR,TRAIN	[sitting, walking]
8092,A young boy in a helmet is riding a bike on the lawn,A young boy in a helmet is riding a bike on the road,NEUTRAL,3.5,A_contradicts_B,B_neutral_A,a young boy in a helmet rides a bike on the road,a young boy in a helmet rides a bike on the road,FLICKR,FLICKR,TRAIN	[lawn, road]
8229,A black dog is walking along rocky terrain,A black cat is walking along rocky terrain,NEUTRAL,3.6,A_contradicts_B,B_neutral_A,a black dog walking along a rocky terrain,a black dog walking along a rocky terrain,FLICKR,FLICKR,TEST	[dog, cat]
8247,Some young dirt bikers are getting a dirt bike up a sandy hill,Some old dirt bikers are getting a dirt bike up a sandy hill,NEUTRAL,4,A_contradicts_B,B_neutral_A,young dirt bikers try to get a dirt bike up a sandy hill,young dirt bikers try to get a dirt bike up a sandy hill,FLICKR,FLICKR,TRAIN	[young, old]
8274,Two dogs are playing inside,Two dogs are playing outside,NEUTRAL,3.7,A_contradicts_B,B_neutral_A,a collie and a springer spaniel playing outside,a collie and a springer spaniel playing outside,FLICKR,FLICKR,TRAIN	[inside, outside]
8353,People are sitting at round tables in a red room,People are sitting at square tables in a red room,NEUTRAL,3.9,A_contradicts_B,B_neutral_A,people are sitting at square tables in a red room,people are sitting at square tables in a red room,FLICKR,FLICKR,TEST	[round, square]
8355,Several people are sitting at small tables in a light room,Several people are sitting at small tables in a darkened room,NEUTRAL,3.9,A_contradicts_B,B_neutral_A,several people sitting at small tables in a darkened room,several people sitting at small tables in a darkened room,FLICKR,FLICKR,TRAIN	[light, darkened]
8382,The young girl in blue is having fun on a swing,The young girl in blue is having fun on a slide,NEUTRAL,3.8,A_contradicts_B,B_neutral_A,the young girl in blue is having fun on a slide,the young girl in blue is having fun on a slide,FLICKR,FLICKR,TEST	[swing, slide]
8463,An old man in a white shirt and gold and black hat is sitting with crossed legs,A young man in a white shirt and gold and black hat is sitting with crossed legs,NEUTRAL,3.5,A_contradicts_B,B_neutral_A,a young man in a white shirt and gold and black hat sits cross legged,a young man in a white shirt and gold and black hat sits cross legged,FLICKR,FLICKR,TEST	[old, young]
8634,A man is rock climbing pausing and calculating the route,A woman is rock climbing pausing and calculating the route,NEUTRAL,4.2,A_contradicts_B,B_neutral_A,a man rock climbing pauses to calculate his route,a man rock climbing pauses to calculate his route,FLICKR,FLICKR,TEST	[man, woman]
8670,A woman is standing with a pair of dogs,A woman is marching with a pair of dogs,NEUTRAL,4.1,A_contradicts_B,B_neutral_A,a woman marches with a pair of dogs,a woman marches with a pair of dogs,FLICKR,FLICKR,TEST	[standing, marching]
8699,A white bird with a yellow beak is standing in the green grass,A black bird with a yellow beak is standing in the green grass,NEUTRAL,3.8,A_contradicts_B,B_neutral_A,a black bird with a yellow beak standing in green grass,a black bird with a yellow beak standing in green grass,FLICKR,FLICKR,TRAIN	[white, black]
8708,A man with a shirt is posing with the arms spread next to a woman,A man without a shirt is posing with the arms spread next to a woman,NEUTRAL,4.2,A_contradicts_B,B_neutral_A,a man without a shirt poses with his arms spread next to a woman,a man without a shirt poses with his arms spread next to a woman,FLICKR,FLICKR,TRAIN	[without]
8751,Four people are walking on a bridge over a body of water,Four people are sitting on a bridge over a body of water,NEUTRAL,4.1,A_contradicts_B,B_neutral_A,four people walk on a bridge over a body of water,four people walk on a bridge over a body of water,FLICKR,FLICKR,TRAIN	[walking, sitting]
8778,Three hikers are standing on a mountainside and looking at the view with a pair of binoculars,Three hikers are sitting on a mountainside and looking at the view with a pair of binoculars,NEUTRAL,4.4,A_contradicts_B,B_neutral_A,three hikers are sitting on a mountainside looking at the view one using a pair of binoculars,three hikers are sitting on a mountainside looking at the view one using a pair of binoculars,FLICKR,FLICKR,TEST	[standing, sitting]
8834,A man with a white moustache is sitting on a balcony and is looking at the road below,A man with a white moustache is standing on a balcony and is looking at the road below,NEUTRAL,4.4,A_contradicts_B,B_neutral_A,a man with a white mustache stands on a balcony looking at the road below,a man with a white mustache stands on a balcony looking at the road below,FLICKR,FLICKR,TRAIN	[sitting, standing]
8877,A dog is catching a black frisbee,A dog is catching a white frisbee,NEUTRAL,3.585,A_contradicts_B,B_neutral_A,a dog catches black frisbee,a dog catches black frisbee,FLICKR,FLICKR,TEST	[black, white]
8915,A man and a woman are standing in front of an art gallery and are looking at a map,A man and a woman are sitting in front of an art gallery and are looking at a map,NEUTRAL,3.4,A_contradicts_B,B_neutral_A,a man and woman are standing in front of an art gallery looking at a map,a man and woman are standing in front of an art gallery looking at a map,FLICKR,FLICKR,TRAIN	[standing, sitting]
8958,A big group of people are standing and two are sitting on the couch,A small group of people are standing and two are sitting on the couch,NEUTRAL,3.4,A_contradicts_B,B_neutral_A,a small group of people standing while two sit on the couch,a small group of people standing while two sit on the couch,FLICKR,FLICKR,TRAIN	[big, small]
8994,A little kid is wearing a hat and is walking in the dry sand,A little kid is wearing a hat and is walking in the wet sand,NEUTRAL,4.3,A_contradicts_B,B_neutral_A,a little kid wearing a hat is walking in the wet sand,a little kid wearing a hat is walking in the wet sand,FLICKR,FLICKR,TRAIN	[dry, wet]
9025,A brown dog is running after a black dog on a rocky shore,A brown dog is running after a white dog on a rocky shore,NEUTRAL,3.6,A_contradicts_B,B_neutral_A,a brown dog is running after a black dog on a rocky shore,a brown dog is running after a black dog on a rocky shore,FLICKR,FLICKR,TEST	[black, white]
9061,A white dog is standing on a grassy hillside,A black dog is standing on a grassy hillside,NEUTRAL,4.1,A_contradicts_B,B_neutral_A,a white dog is standing on a grassy hillside,a white dog is standing on a grassy hillside,FLICKR,FLICKR,TEST	[white, black]
9151,A man in a black dress is pulling a cart and is standing in front of two men who are seated on a park bench,A woman in a black dress is pulling a cart and is standing in front of two men who are seated on a park bench,NEUTRAL,3.8,A_contradicts_B,B_neutral_A,a woman stands in a black dress pulling a cart in front of two men seated on a park bench,a woman stands in a black dress pulling a cart in front of two men seated on a park bench,FLICKR,FLICKR,TEST	[man, woman]
9221,The white dog is carrying a blue and white ball in its mouth,The black dog is carrying a blue and white ball in its mouth,NEUTRAL,3.9,A_contradicts_B,B_neutral_A,the black dog is carrying a blue and white ball in it's mouth,the black dog is carrying a blue and white ball in it's mouth,FLICKR,FLICKR,TEST	[black]
9323,Two men and a girl in behind of a wood panel wall are posing with funny faces,Two men and a girl in front of a wood panel wall are posing with funny faces,NEUTRAL,3.9,A_contradicts_B,B_neutral_A,two men and a girl pose with funny faces in front of a wood panel wall,two men and a girl pose with funny faces in front of a wood panel wall,FLICKR,FLICKR,TRAIN	[behind, front]
9369,A man in a red jacket and khaki pants is walking through an European state,A man in a red jacket and khaki pants is walking through an American state,NEUTRAL,3.5,A_contradicts_B,B_neutral_A,a man in a red jacket and khaki pants is walking through a part of what looks like arizona,a man in a red jacket and khaki pants is walking through a part of what looks like arizona,FLICKR,FLICKR,TRAIN	[European, American]
9505,A brown puppy is biting a pole,A brown puppy is biting a stick,NEUTRAL,4.1,A_contradicts_B,B_neutral_A,brown puppy biting pole,brown puppy biting pole,FLICKR,FLICKR,TEST	[pole, stick]
9524,Two men are swimming in deep water,Two men are standing in deep water,NEUTRAL,3.8,A_contradicts_B,B_neutral_A,two men one in a blue swimcap stand in torso-deep water,two men one in a blue swimcap stand in torso-deep water,FLICKR,FLICKR,TRAIN	[swimming, standing]
9614,Two people are seated near a camel and another camel is in the foreground,Two people are seated on a camel and another camel is in the foreground,NEUTRAL,4,A_contradicts_B,B_neutral_A,two people are seated on a camel while another camel is in the foreground,two people are seated on a camel while another camel is in the foreground,FLICKR,FLICKR,TEST	[near, on]
9625,A barefoot man in pajamas is looking toward the sky and is walking on the tennis court,A barefoot man in pajamas is looking toward the sky and is standing on the tennis court,NEUTRAL,4,A_contradicts_B,B_neutral_A,a barefoot man in his pajamas is looking toward the sky while walking on the tennis court,a barefoot man in his pajamas is looking toward the sky while walking on the tennis court,FLICKR,FLICKR,TEST	[walking, standing]
9652,A brown and white dog is catching a dirty tennis ball in a dirt field,A brown and white dog is catching a dirty golf ball in a dirt field,NEUTRAL,3.5,A_contradicts_B,B_neutral_A,a brown and white dog attempts to catch a dirty tennis ball in a dirt field,a brown and white dog attempts to catch a dirty tennis ball in a dirt field,FLICKR,FLICKR,TEST	[tennis, golf]
9681,A girl is wearing an orange shirt and a striped tie,A boy is wearing an orange shirt and a striped tie,NEUTRAL,3.4,A_contradicts_B,B_neutral_A,a girl in a orange shirt and a stripe tie,a girl in a orange shirt and a stripe tie,FLICKR,FLICKR,TEST	[girl, boy]
9697,A woman is showing a small cat to an infant,A woman is showing a small dog to an infant,NEUTRAL,3.5,A_contradicts_B,B_neutral_A,a woman showing a small dog to an infant,a woman showing a small dog to an infant,FLICKR,FLICKR,TRAIN	[cat, dog]
9708,A black and white dog is carrying a small stick on the green grass,A black and white dog is carrying a huge stick on the green grass,NEUTRAL,4,A_contradicts_B,B_neutral_A,a black and white dog carries a huge stick on the green grass,a black and white dog carries a huge stick on the green grass,FLICKR,FLICKR,TRAIN	[small, huge]
9735,A woman is wearing ear protection and is firing a gun at an outdoor shooting range,A woman is wearing ear protection and is firing a gun at an indoor shooting range,NEUTRAL,3.6,A_contradicts_B,B_neutral_A,a woman wearing ear protection is firing a gun at an indoor shooting range,a woman wearing ear protection is firing a gun at an indoor shooting range,FLICKR,FLICKR,TEST	[outdoor, indoor]
2445,The man is playing the piano with his nose,A man is playing the keyboard with his nose,ENTAILMENT,4.5,A_entails_B,B_contradicts_A,a man plays the keyboard with his nose,the man is playing the piano with his nose,SEMEVAL,SEMEVAL,TRAIN	[piano, keyboard]
5480,The lady is cracking an egg into a bowl,The lady is cracking an egg into a dish,ENTAILMENT,4.5,A_entails_B,B_contradicts_A,the lady cracked an egg into a bowl,the lady cracked an egg into a bowl,SEMEVAL,SEMEVAL,TRAIN	[bowl, dish]
5555,The man is aiming a gun,The man is drawing a gun,ENTAILMENT,4.2,A_entails_B,B_contradicts_A,the man is aiming a gun,the man is aiming a gun,SEMEVAL,SEMEVAL,TRAIN	[aiming, drawing]
5731,A cow is eating grass,A cow is eating hay,ENTAILMENT,4.2,A_entails_B,B_contradicts_A,a cow is eating grass,a cow is eating hay,SEMEVAL,SEMEVAL,TEST	[grass, hay]
53,Children in red shirts are playing in the leaves,Children in red shirts are sleeping in the leaves,NEUTRAL,4,A_neutral_B,B_contradicts_A,Children in red shirts play in the leaves.,Children in red shirts play in the leaves.,FLICKR,FLICKR,TEST	[playing, sleeping]
274,A boy is standing outside the water,A boy is standing in the water,NEUTRAL,3.6,A_neutral_B,B_contradicts_A,A boy up to his knees in water.,A boy up to his knees in water.,FLICKR,FLICKR,TEST	[outside, in]
302,A nude lady is walking in front of a crowd in body paint,A nude crowd in body paint is walking in front of a lady ,NEUTRAL,3.1,A_neutral_B,B_contradicts_A,A nude lady walks in front of a crowd in body paint.,A nude lady walks in front of a crowd in body paint.,FLICKR,FLICKR,TRAIN	[]
353,A dog is chasing another and is holding a stick in its mouth,A dog is chasing a stick and holding another dog in its mouth,NEUTRAL,3.2,A_neutral_B,B_contradicts_A,A German Shepherd chases another with a stick in his mouth.,A German Shepherd chases another with a stick in his mouth.,FLICKR,FLICKR,TEST	[]
485,Two cats are playing with a red ball,Two daschunds are playing with a red ball,NEUTRAL,3.3,A_neutral_B,B_contradicts_A,Two daschunds play with a red ball,Two daschunds play with a red ball,FLICKR,FLICKR,TRAIN	[cats, daschunds]
640,One man is descending a cliff with a rope,One man is climbing a cliff with a rope,NEUTRAL,3.3,A_neutral_B,B_contradicts_A,A man is climbing a rope up a cliff.,A man is climbing a rope up a cliff.,FLICKR,FLICKR,TEST	[descending, climbing]
656,A young child is climbing a rock climbing wall which is indoors,A young child is under a rock climbing wall which is indoors,NEUTRAL,4,A_neutral_B,B_contradicts_A,A young child climbs an indoor rock climbing wall.,A young child climbs an indoor rock climbing wall.,FLICKR,FLICKR,TEST	[under]
817,A group of people is equipped with protective gear,A group of people is equipped with unprotective gear,NEUTRAL,3.5,A_neutral_B,B_contradicts_A,A group of people in protective gear.,A group of people in protective gear.,FLICKR,FLICKR,TEST	[protective, unprotective]
1460,A man is resting,A man is exercising,NEUTRAL,3.7,A_neutral_B,B_contradicts_A,A man is doing exercise.,A man is doing exercise.,SEMEVAL,SEMEVAL,TEST	[resting, exercising]
2276,A dog is opening a can of food,A dog is closing a can of food,NEUTRAL,3,A_neutral_B,B_contradicts_A,a dog opens a can of food,a dog opens a can of food,SEMEVAL,SEMEVAL,TEST	[opening, closing]
2358,A person is burning some cameras with a blow torch,A person is repairing some cameras with a blow torch,NEUTRAL,3.6,A_neutral_B,B_contradicts_A,a person is blow torching cameras,a person is blow torching cameras,SEMEVAL,SEMEVAL,TRAIN	[burning, repairing]
2469,A group of people is singing,A group of people is silent,NEUTRAL,3.8,A_neutral_B,B_contradicts_A,a group of people sing,a group of people sing,SEMEVAL,SEMEVAL,TEST	[singing, silent]
2968,A large green ball is missing a potato,A large green ball is hitting a potato,NEUTRAL,3.5,A_neutral_B,B_contradicts_A,a large green ball hits a potato,a large green ball hits a potato,SEMEVAL,SEMEVAL,TRIAL	[missing, hitting]
3018,Three teenage girls are dancing in the room,Three teenage girls are idling in the room,NEUTRAL,3.5,A_neutral_B,B_contradicts_A,three teenage girls danced in the room,three teenage girls danced in the room,SEMEVAL,SEMEVAL,TRAIN	[dancing, idling]
3403,A man is folding a tortilla,A man is unfolding a tortilla,NEUTRAL,3.8,A_neutral_B,B_contradicts_A,a man folds a tortilla,a man folds a tortilla,SEMEVAL,SEMEVAL,TEST	[folding, unfolding]
3426,A man is packing a violin,A man is playing a violin,NEUTRAL,3.6,A_neutral_B,B_contradicts_A,a man is playing a violin,a man is playing a violin,SEMEVAL,SEMEVAL,TRAIN	[packing, playing]
3605,A man is stopping the bicycle,A man is riding a bicycle,NEUTRAL,3.4,A_neutral_B,B_contradicts_A,a man is riding a bicycle,a man is riding a bicycle,SEMEVAL,SEMEVAL,TEST	[stopping, riding]
3609,A man is riding a bicycle,A monkey is riding a bicycle,NEUTRAL,3.1,A_neutral_B,B_contradicts_A,a man is riding a bicycle,a monkey is riding a bike,SEMEVAL,SEMEVAL,TEST	[man, monkey]
3646,Four young men are standing still and a car is exploding behind them,Four young men are exploding and a car is standing still behind them,NEUTRAL,2.9,A_neutral_B,B_contradicts_A,four young men stand still as a car explodes behind them,four young men stand still as a car explodes behind them,SEMEVAL,SEMEVAL,TRAIN	[]
4007,A man is climbing a rope,The man is not climbing up a rope,NEUTRAL,2.9,A_neutral_B,B_contradicts_A,a man is climbing a rope,a man climbs up a rope,SEMEVAL,SEMEVAL,TRAIN	[not, up]
4088,The person is painting,The person is drawing,NEUTRAL,3.4,A_neutral_B,B_contradicts_A,a person is drawing,a person is drawing,SEMEVAL,SEMEVAL,TRAIN	[painting, drawing]
4387,A man is untying a shoe,A man is tying a shoe,NEUTRAL,3,A_neutral_B,B_contradicts_A,a man ties a shoe,a man is tying his shoe,SEMEVAL,SEMEVAL,TRAIN	[untying, tying]
4642,A man is playing a harp,A man is playing a keyboard,NEUTRAL,3.2,A_neutral_B,B_contradicts_A,a man is playing a keyboard,a man is playing a harp,SEMEVAL,SEMEVAL,TEST	[harp, keyboard]
4751,The girl is standing on the couch and crocheting,The girl is sitting on the couch and is crocheting,NEUTRAL,4.2,A_neutral_B,B_contradicts_A,the girl sat on the couch to crochet,the girl sat on the couch to crochet,SEMEVAL,SEMEVAL,TEST	[standing, sitting]
4804,A dog is teasing a monkey at the zoo,A monkey is teasing a dog at the zoo,NEUTRAL,3.5,A_neutral_B,B_contradicts_A,a monkey is teasing a dog at the zoo,a monkey is teasing a dog at the zoo,SEMEVAL,SEMEVAL,TEST	[]
5247,A woman is playing the trumpet,A man is playing the trumpet,NEUTRAL,3.1,A_neutral_B,B_contradicts_A,a man is playing the trumpet,a man is playing the trumpet,SEMEVAL,SEMEVAL,TRAIN	[woman, man]
5519,A man is drawing some figures,A man is erasing some figures,NEUTRAL,4,A_neutral_B,B_contradicts_A,a man is drawing some figures,a man is drawing some figures,SEMEVAL,SEMEVAL,TEST	[drawing, erasing]
5537,A group of people are marching,A group of people are standing,NEUTRAL,3.9,A_neutral_B,B_contradicts_A,a group of people are marching in place,a group of people are marching in place,SEMEVAL,SEMEVAL,TRAIN	[marching, standing]
5564,The boy is trotting on the horse,The girl is trotting on the horse,NEUTRAL,2.8,A_neutral_B,B_contradicts_A,the girl trotted the horse,the girl trotted the horse,SEMEVAL,SEMEVAL,TEST	[boy, girl]
5661,A cat is playing with a small bottle,A cat is playing with a big bottle,NEUTRAL,3.5,A_neutral_B,B_contradicts_A,a cat plays with a small bottle,a cat plays with a small bottle,SEMEVAL,SEMEVAL,TEST	[small, big]
5672,A small dog is lying on the bed,A small dog is lying under the bed,NEUTRAL,3.5,A_neutral_B,B_contradicts_A,a small dog laying on the bed,a small dog laying on the bed,SEMEVAL,SEMEVAL,TEST	[on, under]
5674,A small dog is lying on a bed,A small dog is lying under the bed,NEUTRAL,3.1,A_neutral_B,B_contradicts_A,a small dog is laying on a bed,a small dog laying on the bed,SEMEVAL,SEMEVAL,TEST	[on, under]
5888,A dog is sitting on the ground,A dog is running on the ground,NEUTRAL,4,A_neutral_B,B_contradicts_A,a dog is running on the ground,a dog is running on the ground,SEMEVAL,SEMEVAL,TEST	[sitting, running]
5926,Two men are hugging,Two men are fighting,NEUTRAL,3.2,A_neutral_B,B_contradicts_A,two men are fighting,two men are fighting,SEMEVAL,SEMEVAL,TEST	[hugging, fighting]
5973,A man in a hat is walking through a store,A man in a hat is walking past a store,NEUTRAL,4.1,A_neutral_B,B_contradicts_A,a man in a hat is making his way through a store,a man in a hat is making his way through a store,FLICKR,FLICKR,TEST	[through, past]
6697,A group of people is sitting on both sides of a red stone structure,A group of people is standing on both sides of a red stone structure,NEUTRAL,4.4,A_neutral_B,B_contradicts_A,a group of people sit on both sides of a red stone structure,a group of people sit on both sides of a red stone structure,FLICKR,FLICKR,TRAIN	[sitting, standing]
6748,Two people in two chairs are talking,Two people in two chairs are reading,NEUTRAL,3.9,A_neutral_B,B_contradicts_A,two people in chairs reading,two people in chairs reading,FLICKR,FLICKR,TRAIN	[talking, reading]
6815,A person is stopping the bicycle in the sand beside the ocean,A person is riding a bicycle in the sand beside the ocean,NEUTRAL,3.6,A_neutral_B,B_contradicts_A,a person rides his bicycle in the sand beside the ocean,a person rides his bicycle in the sand beside the ocean,FLICKR,FLICKR,TEST	[stopping, riding]
6871,Two dogs are playing on the beach,Two dogs are resting on the beach,NEUTRAL,3.7,A_neutral_B,B_contradicts_A,two dogs playing on the beach,two dogs playing on the beach,FLICKR,FLICKR,TEST	[playing, resting]
6939,Two men a woman and two young boys are sitting in front of a large gathering of people outside a building,Two men a woman and two young boys are standing in front of a large gathering of people outside a building,NEUTRAL,3.8,A_neutral_B,B_contradicts_A,two men a woman and two young boys stand in front of a large gathering of people outside a building,two men a woman and two young boys stand in front of a large gathering of people outside a building,FLICKR,FLICKR,TEST	[sitting, standing]
7074,A black dog is standing in shallow water,A black dog is standing in deep water,NEUTRAL,3.9,A_neutral_B,B_contradicts_A,a black dog in shallow water,a black dog in shallow water,FLICKR,FLICKR,TRAIN	[shallow, deep]
7196,A man is standing on a sidewalk,A man is sitting on a sidewalk,NEUTRAL,3.9,A_neutral_B,B_contradicts_A,a man is standing on a sidewalk in the background with a blurry image of another man in the foreground,a man is standing on a sidewalk in the background with a blurry image of another man in the foreground,FLICKR,FLICKR,TRAIN	[standing, sitting]
7245,A woman in a black shirt is sitting next to a fluorescent green bag,A woman in a black shirt is standing next to a fluorescent green bag,NEUTRAL,3.6,A_neutral_B,B_contradicts_A,a woman in a black shirt is sitting next to a florescent green bag,a woman in a black shirt is sitting next to a florescent green bag,FLICKR,FLICKR,TEST	[sitting, standing]
7537,A football player is running past an official carrying a football,A football player is carrying an official past a rolling football,NEUTRAL,4.1,A_neutral_B,B_contradicts_A,a football player runs past an official carrying a football,a football player runs past an official carrying a football,FLICKR,FLICKR,TRAIN	[running, rolling]
7859,A person is riding a dirt bike up a dirt hill,A person is riding a dirt bike down a dirt hill,NEUTRAL,4,A_neutral_B,B_contradicts_A,person rides a dirt bike down a dirt hill,person rides a dirt bike down a dirt hill,FLICKR,FLICKR,TRAIN	[up, down]
7926,Four athletes are with a man in a crowded stadium,Four athletes are with a woman in a crowded stadium,NEUTRAL,3.5,A_neutral_B,B_contradicts_A,four atheletes and a man with a crowded stadium in the background,four atheletes and a man with a crowded stadium in the background,FLICKR,FLICKR,TRAIN	[man, woman]
8020,A dog is sleeping on the green grass,A dog is playing on the green grass,NEUTRAL,3.7,A_neutral_B,B_contradicts_A,a dog is playing on the green grass,a dog is playing on the green grass,FLICKR,FLICKR,TEST	[sleeping, playing]
8076,Two boys are doing martial arts on a green mat,Two boys are doing martial arts on a blue mat,NEUTRAL,3.9,A_neutral_B,B_contradicts_A,two boys do martial arts on a blue mat,two boys do martial arts on a blue mat,FLICKR,FLICKR,TRAIN	[green, blue]
8119,A female cheerleader is jumping on the knee of a male cheerleader,A female cheerleader is sitting on the knee of a male cheerleader,NEUTRAL,3.58,A_neutral_B,B_contradicts_A,a female cheerleader sits on the knee of a male cheerleader,a female cheerleader sits on the knee of a male cheerleader,FLICKR,FLICKR,TRAIN	[jumping, sitting]
8227,A white dog is running across a rocky landscape,A black dog is running across a rocky landscape,NEUTRAL,3.7,A_neutral_B,B_contradicts_A,a black dog is running across a rocky landscape,a black dog is running across a rocky landscape,FLICKR,FLICKR,TRAIN	[white, black]
8461,A man with no hat is sitting on the ground,A man with a backwards hat is sitting on the ground,NEUTRAL,4,A_neutral_B,B_contradicts_A,a man with a backwards hat sits on the ground,a man with a backwards hat sits on the ground,FLICKR,FLICKR,TRIAL	[no, backwards]
8472,A girl in blue sweater is holding a multicolor toy and is sitting on the shoulders of a man with grey hair,A girl in blue sweater is holding a multicolor toy and is sitting on the shoulders of a woman with grey hair,NEUTRAL,4.085,A_neutral_B,B_contradicts_A,girl in blue sweater and holding a multicolor toy sitting on the shoulders of a man with grey hair,girl in blue sweater and holding a multicolor toy sitting on the shoulders of a man with grey hair,FLICKR,FLICKR,TEST	[man, woman]
8506,Two people are sitting on a park bench on a sunny day,Two people are sitting on a park bench on a rainy day,NEUTRAL,3.2,A_neutral_B,B_contradicts_A,two people sitting on a park bench on a sunny day,two people sitting on a park bench on a sunny day,FLICKR,FLICKR,TRAIN	[sunny, rainy]
8589,A man with a white hat and brown shirt is behind a woman in red and is looking to the right,A man with a white hat and brown shirt is behind a woman in red and is looking to the left,NEUTRAL,4.3,A_neutral_B,B_contradicts_A,a man with a white hat and brown shirt behind a woman in red looks to the left,a man with a white hat and brown shirt behind a woman in red looks to the left,FLICKR,FLICKR,TRAIN	[right, left]
8596,Little kids are playing in a water fountain in front of lots of people,Little kids are playing in a water fountain in front of few people,NEUTRAL,4.1,A_neutral_B,B_contradicts_A,little kids are playing in a water fountain in front of lots of people,little kids are playing in a water fountain in front of lots of people,FLICKR,FLICKR,TRAIN	[lots, few]
8654,The people are standing at a carnival,The people are running at a carnival,NEUTRAL,4.1,A_neutral_B,B_contradicts_A,the people are standing around at a carnival,the people are standing around at a carnival,FLICKR,FLICKR,TEST	[standing, running]
8690,Three children are running up a grassy hillside,Three children are running down a grassy hillside,NEUTRAL,4.3,A_neutral_B,B_contradicts_A,three children running down a grassy hillside,three children running down a grassy hillside,FLICKR,FLICKR,TRAIN	[up, down]
8913,A couple is not looking at a map,A couple is looking at a map,NEUTRAL,4.3,A_neutral_B,B_contradicts_A,a couple are looking at an area map,a couple are looking at an area map,FLICKR,FLICKR,TRAIN	[not]
8960,A group of five old adults are lounging indoors,A group of five young adults are lounging indoors,NEUTRAL,3.4,A_neutral_B,B_contradicts_A,a group of five young adults lounging indoors,a group of five young adults lounging indoors,FLICKR,FLICKR,TEST	[old, young]
8987,A young girl in a bikini is jumping on the beach,A young girl in a bikini is sitting on the beach,NEUTRAL,3.6,A_neutral_B,B_contradicts_A,a young girl in a bikini jumping on the beach,a young girl in a bikini jumping on the beach,FLICKR,FLICKR,TRAIN	[jumping, sitting]
9205,A woman is wearing paint and costume pieces and is riding a bike on a empty street,A woman is wearing paint and costume pieces and is riding a bike on a busy street,NEUTRAL,3.915,A_neutral_B,B_contradicts_A,a woman wearing paint and costume pieces rides a bike on a busy street,a woman wearing paint and costume pieces rides a bike on a busy street,FLICKR,FLICKR,TEST	[empty, busy]
9248,Two people are standing on a bench,Two people are sitting on a bench,NEUTRAL,3.7,A_neutral_B,B_contradicts_A,two people on a bench,two people on a bench,FLICKR,FLICKR,TEST	[standing, sitting]
9479,A black dog and a tan dog are sleeping,A black dog and a tan dog are fighting,NEUTRAL,3.8,A_neutral_B,B_contradicts_A,a black dog and a tan dog fighting,a black dog and a tan dog fighting,FLICKR,FLICKR,TEST	[sleeping, fighting]
9567,An elderly man is sitting on a bench,A young man is sitting on a bench,NEUTRAL,3.4,A_neutral_B,B_contradicts_A,an elderly man sitting on a bench,an elderly man sitting on a bench,FLICKR,FLICKR,TRAIN	[elderly, young]
9576,A dog is fetching a stick out of very clear water,A dog is fetching a stick out of very dirty water,NEUTRAL,4,A_neutral_B,B_contradicts_A,a dog is fetching a stick out of very clear water,a dog is fetching a stick out of very clear water,FLICKR,FLICKR,TRAIN	[clear, dirty]
9679,A girl in an orange shirt and clown makeup is walking in a park and others are looking on,A girl in an orange shirt and clown makeup is standing in a park and others are looking on,NEUTRAL,4.3,A_neutral_B,B_contradicts_A,a girl in orange shirt and clown makeup stands in a park while others look on,a girl in orange shirt and clown makeup stands in a park while others look on,FLICKR,FLICKR,TEST	[walking, standing]
9717,A boy is running through the grass,A boy is running through the sand,NEUTRAL,4,A_neutral_B,B_contradicts_A,a boy runs through the sand,a boy runs through the sand,FLICKR,FLICKR,TRAIN	[grass, sand]
