20,There is no man in a black jacket doing tricks on a motorbike,A person in a black jacket is doing tricks on a motorbike,CONTRADICTION,3.6,A_contradicts_B,B_contradicts_A,A person in a black jacket doing tricks on a motorbike.,A person in a black jacket doing tricks on a motorbike.,FLICKR,FLICKR,TEST,A:There,A:no,A:man,B:person,
31,A man with a jersey is dunking the ball at a basketball game,There is no man dunking the ball at a basketball game,CONTRADICTION,4,A_contradicts_B,B_contradicts_A,A man with jersey 23 is dunking the ball at a basket ball game.,A man with jersey 23 is dunking the ball at a basket ball game.,FLICKR,FLICKR,TEST,A:with,A:jersey,B:There,B:no,
88,There is no biker jumping in the air,A lone biker is jumping in the air,CONTRADICTION,4.2,A_contradicts_B,B_contradicts_A,a lone bicyclists jumping in the air over a ramp.,a lone bicyclists jumping in the air over a ramp.,FLICKR,FLICKR,TRAIN,A:There,A:no,B:lone,
122,Five kids are standing close together and one kid has a gun,Five kids are standing close together and none of the kids has a gun,CONTRADICTION,3.7,A_contradicts_B,B_contradicts_A,There are five kids standing next to each other and the one in the red has a gun.,There are five kids standing next to each other and the one in the red has a gun.,FLICKR,FLICKR,TRAIN,A:one,A:kid,B:none,B:of,
152,A deer is jumping a fence,There is no deer jumping fences,CONTRADICTION,4.1,A_contradicts_B,B_contradicts_A,A deer jumps a fence.,A deer jumps a fence.,FLICKR,FLICKR,TEST,A:fence,B:There,B:no,B:fences,
156,A deer is jumping a fence,A deer isn't jumping over the fence,CONTRADICTION,3.55,A_contradicts_B,B_contradicts_A,A deer jumps a fence.,A deer is jumping over a fence.,FLICKR,FLICKR,TEST,A:is,B:isn't,B:over,
194,Nobody is on a motorcycle and is standing on the seat,Someone is on a black and white motorcycle and is standing on the seat,CONTRADICTION,3.7,A_contradicts_B,B_contradicts_A,Someone is on a black and white motorcycle and putting their feet on the seat.,Someone is on a black and white motorcycle and putting their feet on the seat.,FLICKR,FLICKR,TRAIN,A:Nobody,B:Someone,B:black,B:white,
230,The children of a family are playing and waiting,There are no children playing and waiting,CONTRADICTION,3.1,A_contradicts_B,B_contradicts_A,The children of a family play while they wait.,The children of a family play while they wait.,FLICKR,FLICKR,TEST,A:of,A:family,B:There,B:no,
244,The woman is not wearing glasses or a headdress,The woman is wearing glasses and a black headdress,CONTRADICTION,3.9,A_contradicts_B,B_contradicts_A,The woman in glasses is wearing a black head dress.,The woman in glasses is wearing a black head dress.,FLICKR,FLICKR,TEST,A:not,A:or,B:and,B:black,
247,The woman is not wearing glasses or a headdress,A woman is wearing an Egyptian headdress,CONTRADICTION,3.6,A_contradicts_B,B_contradicts_A,A woman wears an Egytian-like headdress.,The woman in glasses is wearing a black head dress.,FLICKR,FLICKR,TEST,A:not,A:glasses,A:or,B:Egyptian,
254,A hiker is on top of the mountain and is dancing,There is no hiker dancing on top of the mountain,CONTRADICTION,3.2,A_contradicts_B,B_contradicts_A,This hiker does a dance of joy on top of the mountain.,This hiker does a dance of joy on top of the mountain.,FLICKR,FLICKR,TRAIN,A:and,B:There,B:no,
256,There is no man on a rock high above some trees standing in a strange position,A man is on a rock high above some trees and is standing in a strange position,CONTRADICTION,4.3,A_contradicts_B,B_contradicts_A,A man stands in a strange position on a rock high above some trees.,A man stands in a strange position on a rock high above some trees.,FLICKR,FLICKR,TRAIN,A:There,A:no,B:and,
266,The brown horse is near a red barrel at the rodeo,The brown horse is far from a red barrel at the rodeo,CONTRADICTION,3.6,A_contradicts_B,B_contradicts_A,The brown horse is next to a red barrel at the rodeo.,The brown horse is next to a red barrel at the rodeo.,FLICKR,FLICKR,TRAIN,A:near,B:far,B:from,
276,The boy is sitting near the blue ocean,The boy is wading through the blue ocean,CONTRADICTION,3.2,A_contradicts_B,B_contradicts_A,The boy is wading through the blue ocean.,The boy is wading through the blue ocean.,FLICKR,FLICKR,TRAIN,A:sitting,A:near,B:wading,B:through,
301,A nude lady is walking in front of a crowd in body paint,There is no lady walking in body paint in front of a crowd ,CONTRADICTION,2.9,A_contradicts_B,B_contradicts_A,A nude lady walks in front of a crowd in body paint.,A nude lady walks in front of a crowd in body paint.,FLICKR,FLICKR,TRAIN,A:nude,B:There,B:no,
312,A crowd of people is near the water,A crowd of people is far from the water,CONTRADICTION,3.8,A_contradicts_B,B_contradicts_A,Crowd of people near the water.,Crowd of people near the water.,FLICKR,FLICKR,TRAIN,A:near,B:far,B:from,
352,There is no dog chasing another or holding a stick in its mouth,A dog is chasing another and is holding a stick in its mouth,CONTRADICTION,3.9,A_contradicts_B,B_contradicts_A,A German Shepherd chases another with a stick in his mouth.,A German Shepherd chases another with a stick in his mouth.,FLICKR,FLICKR,TEST,A:There,A:no,A:or,B:and,
392,There is no man wearing clothes that are covered with paint or is sitting outside in a busy area writing something,A man is wearing clothes that are covered with paint and is sitting outside in a busy area writing something,CONTRADICTION,4.1,A_contradicts_B,B_contradicts_A,A man whose clothes are covered in paint is writing something down while sitting outside in a busy area.,A man whose clothes are covered in paint is writing something down while sitting outside in a busy area.,FLICKR,FLICKR,TRAIN,A:There,A:no,A:or,B:and,
395,A man is sitting near a bike and is writing a note,There is no man writing a note near a bike,CONTRADICTION,4.2,A_contradicts_B,B_contradicts_A,A man writes a note while sitting next to a crate and a bike.,A man writes a note while sitting next to a crate and a bike.,FLICKR,FLICKR,TRAIN,A:sitting,A:and,B:There,B:no,
463,There is no man dressed in black and riding a green bike,A man dressed in black is riding a bike,CONTRADICTION,3.2,A_contradicts_B,B_contradicts_A,A man dressed in black rides a green bike.,A man dressed in black rides a green bike.,FLICKR,FLICKR,TEST,A:There,A:no,A:and,A:green,
532,There is no man wearing a black helmet and pushing a bicycle,One man is wearing a black helmet and pushing a bicycle,CONTRADICTION,3.1,A_contradicts_B,B_contradicts_A,A man wearing a black helmet is pushing his bicycle.,A man wearing a black helmet is pushing his bicycle.,FLICKR,FLICKR,TEST,A:There,A:no,B:One,
571,A white and brown dog is walking through the water with difficulty,There is no white and brown dog pacing with through the water difficulty,CONTRADICTION,2.6,A_contradicts_B,B_contradicts_A,A white and brown dog is walking through the water.,A white and brown dog is walking through the water.,FLICKR,FLICKR,TEST,A:walking,B:There,B:no,B:pacing,
614,A boy is climbing up a wall artificially built for climbing and is attached to a rope,A boy is coming down a wall artificially built for climbing and isn't attached to the rope,CONTRADICTION,3.935,A_contradicts_B,B_contradicts_A,A boy is climbing up an artificial climbing wall whilst attached to a rope.,A boy is climbing up an artificial climbing wall whilst attached to a rope.,FLICKR,FLICKR,TEST,A:up,B:coming,B:down,B:isn't,
677,A dog which is black and a white one are ignoring each other in the street,A dog which is black and a white one are staring at each other in the street,CONTRADICTION,3.6,A_contradicts_B,B_contradicts_A,A black dog and a white dog with brown spots are staring at each other in the street.,A black dog and a white dog with brown spots are staring at each other in the street.,FLICKR,FLICKR,TEST,A:ignoring,B:staring,B:at,
680,Two dogs of different breeds are looking at each other across a street,There are no dogs of different breeds looking at each other across a street,CONTRADICTION,3.9,A_contradicts_B,B_contradicts_A,Two dogs of different breeds looking at each other on the road.,Two dogs of different breeds looking at each other on the road.,FLICKR,FLICKR,TRAIN,A:Two,B:There,B:no,
693,A dog which is furry and black is in a back yard and is carrying a basket in its mouth,There is no dog which is furry and black in a back yard carrying a basket in its mouth.,CONTRADICTION,3.7,A_contradicts_B,B_contradicts_A,A furry black dog in a back yard carrying a basket in its mouth.,A furry black dog in a back yard carrying a basket in its mouth.,FLICKR,FLICKR,TRAIN,A:mouth,B:There,B:no,B:mouth.,
751,A classroom is full of students,A classroom is empty,CONTRADICTION,2.3,A_contradicts_B,B_contradicts_A,A class full of students.,A class full of students.,FLICKR,FLICKR,TEST,A:full,A:of,A:students,B:empty,
806,A girl from Asia in front of a brick window doesn't look surprised,A girl from Asia in front of a brick window looks surprised,CONTRADICTION,3.2,A_contradicts_B,B_contradicts_A,girl wearing radio t-shirt has open mouth,girl wearing radio t-shirt has open mouth,FLICKR,FLICKR,TEST,A:doesn't,A:look,B:looks,
828,The football is between the feet of a boy who is lying on the grass,The football isn't between the feet of a boy who is lying in the grass,CONTRADICTION,3.1,A_contradicts_B,B_contradicts_A,A boy laying on the grass face down with a football at his feet.,A boy laying on the grass face down with a football at his feet.,FLICKR,FLICKR,TEST,A:on,B:isn't,B:in,
868,An ice skating rink placed outdoors is empty,An ice skating rink placed outdoors is full of people,CONTRADICTION,3.6,A_contradicts_B,B_contradicts_A,An ice skating park in winter with many people.,An ice skating park in winter with many people.,FLICKR,FLICKR,TRAIN,A:empty,B:full,B:of,B:people,
924,The girl in the red shirt is blowing a bubble ,The girl in a dyed red shirt isn't blowing a bubble,CONTRADICTION,2.4,A_contradicts_B,B_contradicts_A,girl in red shirt blowing a bubble,girl in red shirt blowing a bubble,FLICKR,FLICKR,TEST,A:is,B:dyed,B:isn't,
927,The young girl is blowing a bubble that is huge,The young girl is blowing a bubble that is very small,CONTRADICTION,3.7,A_contradicts_B,B_contradicts_A,The young girl blows a huge bubble.,The young girl blows a huge bubble.,FLICKR,FLICKR,TRAIN,A:huge,B:very,B:small,
951,Two young kids are eating corndogs,Two young kids are fasting,CONTRADICTION,2.8,A_contradicts_B,B_contradicts_A,two young children eat corndogs.,two young children eat corndogs.,FLICKR,FLICKR,TEST,A:eating,A:corndogs,B:fasting,
964,A man doing a pose is being watched by another man,There is no man in a pose being watched by another man,CONTRADICTION,3.7,A_contradicts_B,B_contradicts_A,a man watching another man DOA kissing pose,a man watching another man DOA kissing pose,FLICKR,FLICKR,TEST,A:doing,B:There,B:no,B:in,
987,An adult is in the amphitheater and is talking to a boy,There is no adult in the amphitheater talking to a boy,CONTRADICTION,4.3,A_contradicts_B,B_contradicts_A,A man in an ampetheater talking to a boy.,A man in an ampetheater talking to a boy.,FLICKR,FLICKR,TRIAL,A:and,B:There,B:no,
1046,A dog is near the red ball in the air,A dog is far from the red ball in the air,CONTRADICTION,3.6,A_contradicts_B,B_contradicts_A,A dog and a red ball in the air.,A dog and a red ball in the air.,FLICKR,FLICKR,TRAIN,A:near,B:far,B:from,
1107,A man is opening a package that contains headphones,A man is opening a package that doesn't contain headphones,CONTRADICTION,3.4,A_contradicts_B,B_contradicts_A,A man is opening a package containing headphones.,A man is opening a package containing headphones.,SEMEVAL,SEMEVAL,TEST,A:contains,B:doesn't,B:contain,
1158,A woman is removing ingredients from a bowl,A woman is adding ingredients to a bowl,CONTRADICTION,3.3,A_contradicts_B,B_contradicts_A,A woman is adding ingredients to a bowl.,A woman is adding ingredients to a bowl.,SEMEVAL,SEMEVAL,TEST,A:removing,A:from,B:adding,B:to,
1218,A small monkey is walking through water,A monkey isn't walking through water,CONTRADICTION,3.7,A_contradicts_B,B_contradicts_A,A small monkey walks through water.,A small monkey walks through water.,SEMEVAL,SEMEVAL,TEST,A:small,A:is,B:isn't,
1236,A woman is dancing and singing alone,A woman is dancing and singing with other women,CONTRADICTION,3.285,A_contradicts_B,B_contradicts_A,A woman is dancing and singing with other women.,A woman is dancing and singing with other women.,SEMEVAL,SEMEVAL,TRIAL,A:alone,B:with,B:other,B:women,
1263,A band is playing onstage,There is no band playing,CONTRADICTION,4.1,A_contradicts_B,B_contradicts_A,A band is playing onstage.,A band is playing onstage.,SEMEVAL,SEMEVAL,TEST,A:onstage,B:There,B:no,
1347,There is no man making a phone call,A man is making a call on a cell phone,CONTRADICTION,4,A_contradicts_B,B_contradicts_A,A man makes a call on a cell phone.,A man is making a phone call.,SEMEVAL,SEMEVAL,TEST,A:There,A:no,B:on,B:cell,
1361,The machine is not shaving a pencil,The machine is shaving the end of a pencil,CONTRADICTION,3.8,A_contradicts_B,B_contradicts_A,The machine shaved the end of the pencil.,The machine shaved the end of the pencil.,SEMEVAL,SEMEVAL,TRAIN,A:not,B:end,B:of,
1363,The machine is not shaving a pencil,A machine is sharpening a pencil,CONTRADICTION,2.8,A_contradicts_B,B_contradicts_A,A machine is sharpening a pencil.,The machine shaved the end of the pencil.,SEMEVAL,SEMEVAL,TEST,A:not,A:shaving,B:sharpening,
1372,A person is not playing the keyboard,A man is playing a keyboard,CONTRADICTION,2.6,A_contradicts_B,B_contradicts_A,A man plays a keyboard.,A person is playing the keyboard.,SEMEVAL,SEMEVAL,TRAIN,A:person,A:not,B:man,
1388,A person is riding a motorcycle,A person is standing near a motorcycle,CONTRADICTION,3.3,A_contradicts_B,B_contradicts_A,A person is riding a motorcyle.,A person is riding a motorcyle.,SEMEVAL,SEMEVAL,TRAIN,A:riding,B:standing,B:near,
1415,Some men are sawing,There are no men sawing,CONTRADICTION,3.9,A_contradicts_B,B_contradicts_A,Some men are sawing.,Some men are sawing.,SEMEVAL,SEMEVAL,TRAIN,A:Some,B:There,B:no,
1482,A deer is standing inside a fence,The deer is jumping over the fence,CONTRADICTION,3.5,A_contradicts_B,B_contradicts_A,The deer jumped over the fence.,A deer jumps over a cyclone fence.,SEMEVAL,SEMEVAL,TRAIN,A:standing,A:inside,B:jumping,B:over,
1631,A woman is breaking two eggs in a bowl,There is no woman breaking eggs in a bowl,CONTRADICTION,3.4,A_contradicts_B,B_contradicts_A,A woman beats two eggs in a bowl.,A woman beats two eggs in a bowl.,SEMEVAL,SEMEVAL,TRAIN,A:two,B:There,B:no,
1654,One woman is peeling a potato,There is no woman peeling a potato,CONTRADICTION,3.2,A_contradicts_B,B_contradicts_A,A woman is peeling a potato.,A woman is peeling a potato.,SEMEVAL,SEMEVAL,TEST,A:One,B:There,B:no,
1684,The man is pouring oil on a few tomatoes,There is no man pouring some oil on the tomatoes,CONTRADICTION,3.3,A_contradicts_B,B_contradicts_A,A man pours oil on some tomatos.,The man poured oil on the cut tomatoes.,SEMEVAL,SEMEVAL,TEST,A:few,B:There,B:no,B:some,
1694,A kitten is drinking fresh milk,There is no kitten drinking milk,CONTRADICTION,3.7,A_contradicts_B,B_contradicts_A,A kitten is drinking milk.,A kitten is drinking milk.,SEMEVAL,SEMEVAL,TRAIN,A:fresh,B:There,B:no,
1737,The piano isn't being played by anyone,The piano is being played by someone,CONTRADICTION,4,A_contradicts_B,B_contradicts_A,Someone is playing a piano.,Someone is playing a piano.,SEMEVAL,SEMEVAL,TEST,A:isn't,A:anyone,B:is,B:someone,
1755,A flute is being played by a girl,A flute is being put away by a girl,CONTRADICTION,3.1,A_contradicts_B,B_contradicts_A,A girl is playing a flute.,A girl is playing a flute.,SEMEVAL,SEMEVAL,TRAIN,A:played,B:put,B:away,
1758,There is no woman playing a flute,One woman is playing a flute,CONTRADICTION,3.4,A_contradicts_B,B_contradicts_A,A woman is playing the flute.,A woman is playing the flute.,SEMEVAL,SEMEVAL,TEST,A:There,A:no,B:One,
1781,A cheetah is quickly running behind its prey.,There is no cheetah quickly running behind its prey,CONTRADICTION,3.8,A_contradicts_B,B_contradicts_A,A cheetah is running behind its prey.,A cheetah is running behind its prey.,SEMEVAL,SEMEVAL,TRAIN,A:prey.,B:There,B:no,B:prey,
1782,A cheetah is quickly running behind its prey.,A prey is quickly running behind the cheetah,CONTRADICTION,3.6,A_contradicts_B,B_contradicts_A,A cheetah is running behind its prey.,A cheetah is running behind its prey.,SEMEVAL,SEMEVAL,TRAIN,A:its,A:prey.,B:prey,
1793,There is no lion walking,A lion is slowly walking,CONTRADICTION,3.3,A_contradicts_B,B_contradicts_A,A lion is walking.,A lion is walking.,SEMEVAL,SEMEVAL,TEST,A:There,A:no,B:slowly,
1814,The person isn't dicing up an orange pepper,The person is dicing up a pepper which is orange,CONTRADICTION,3.3,A_contradicts_B,B_contradicts_A,A person dices up an orange pepper.,A person dices up an orange pepper.,SEMEVAL,SEMEVAL,TRAIN,A:isn't,B:is,B:which,B:is,
1843,There is no man sitting on the chair,One man is sitting on the chair,CONTRADICTION,3.835,A_contradicts_B,B_contradicts_A,The man sat in his chair and stared.,The man sat in his chair and stared.,SEMEVAL,SEMEVAL,TEST,A:There,A:no,B:One,
1889,A man is putting away a guitar,A man is passionately playing a guitar,CONTRADICTION,3.3,A_contradicts_B,B_contradicts_A,A man is playing a guitar and singing.,A man is playing a guitar and singing.,SEMEVAL,SEMEVAL,TEST,A:putting,A:away,B:passionately,B:playing,
1923,A chimp is angrily kicking a target,A chimp is missing the target,CONTRADICTION,3.2,A_contradicts_B,B_contradicts_A,A chimp is kicking a target.,A chimp is kicking a target.,SEMEVAL,SEMEVAL,TEST,A:angrily,A:kicking,B:missing,
1968,The woman is playing a guitar which is acoustic and singing,The woman isn't playing the guitar which is acoustic or singing,CONTRADICTION,3.8,A_contradicts_B,B_contradicts_A,A woman is playing an acoustic guitar and singing.,A woman is playing an acoustic guitar and singing.,SEMEVAL,SEMEVAL,TEST,A:and,B:isn't,B:or,
1974,Nobody is playing the guitar and singing,The woman is playing a guitar which is acoustic and singing,CONTRADICTION,3.585,A_contradicts_B,B_contradicts_A,A woman is playing an acoustic guitar and singing.,A man is playing on a guitar and singing.,SEMEVAL,SEMEVAL,TRAIN,A:Nobody,B:woman,B:which,B:acoustic,
1978,There is no water being drunk by a cat,Some water is being drunk by a cat,CONTRADICTION,3.8,A_contradicts_B,B_contradicts_A,A cat is drinking some water.,A cat is drinking some water.,SEMEVAL,SEMEVAL,TRAIN,A:There,A:no,B:Some,
2167,A woman is sewing with a machine,There is no woman using a sewing machine,CONTRADICTION,3.2,A_contradicts_B,B_contradicts_A,a woman is sewing on a machine,a woman is using a sewing machine,SEMEVAL,SEMEVAL,TRAIN,A:with,B:There,B:no,B:using,
2187,A few men are playing cricket,People are not playing cricket,CONTRADICTION,4.2,A_contradicts_B,B_contradicts_A,men are playing cricket,people are playing cricket,SEMEVAL,SEMEVAL,TEST,A:few,A:men,B:People,B:not,
2233,There is no woman tapping her fingers,A woman is tapping her fingers on a table,CONTRADICTION,3.8,A_contradicts_B,B_contradicts_A,a woman is tapping her fingers on a table,a woman is tapping her fingers,SEMEVAL,SEMEVAL,TRAIN,A:There,A:no,B:on,B:table,
2251,There is no man eating cereal,A man is eating a bowl of cereal,CONTRADICTION,4,A_contradicts_B,B_contradicts_A,the man is eating cereal,a man is eating a bowl of cereal,SEMEVAL,SEMEVAL,TRAIN,A:There,A:no,B:bowl,B:of,
2253,The man is eating cereal,There is no man eating a bowl of cereal,CONTRADICTION,3.7,A_contradicts_B,B_contradicts_A,the man is eating cereal,a man is eating a bowl of cereal,SEMEVAL,SEMEVAL,TRAIN,B:There,B:no,B:bowl,B:of,
2258,The man in not playing the flute,The man is playing the flute,CONTRADICTION,4.1,A_contradicts_B,B_contradicts_A,a man is playing the flute,a man is playing the flute,SEMEVAL,SEMEVAL,TEST,A:in,A:not,B:is,
2310,Someone is banging a camera lens against a nail,There is no one banging a camera lens against a nail,CONTRADICTION,3.3,A_contradicts_B,B_contradicts_A,someone is banging a camera lense against a nail,someone is banging a camera lense against a nail,SEMEVAL,SEMEVAL,TRAIN,A:Someone,B:There,B:no,B:one,
2375,The man is playing an acoustic guitar,There is no man playing the guitar,CONTRADICTION,4.2,A_contradicts_B,B_contradicts_A,a man plays an acoustic guitar,a man is playing the guitar,SEMEVAL,SEMEVAL,TRAIN,A:acoustic,B:There,B:no,
2398,There is no one cutting a tomato,Someone is cutting a tomato,CONTRADICTION,3.4,A_contradicts_B,B_contradicts_A,someone is cutting a tomato,someone is cutting a tomato,SEMEVAL,SEMEVAL,TEST,A:There,A:no,A:one,B:Someone,
2416,Runners are competing in a race,Runners are not taking part in the race,CONTRADICTION,3.9,A_contradicts_B,B_contradicts_A,runners compete in a race,runners compete in a race,SEMEVAL,SEMEVAL,TEST,A:competing,B:not,B:taking,B:part,
2441,There is no man playing the piano with his nose,A man is playing the keyboard with his nose,CONTRADICTION,2.9,A_contradicts_B,B_contradicts_A,a man plays the keyboard with his nose,the man is playing the piano with his nose,SEMEVAL,SEMEVAL,TRAIN,A:There,A:no,A:piano,B:keyboard,
2611,The monkey is brushing a bull dog,There is no monkey brushing the dog,CONTRADICTION,2.5,A_contradicts_B,B_contradicts_A,a monkey is brushing a bull dog,a monkey brushes a dog,SEMEVAL,SEMEVAL,TEST,A:bull,B:There,B:no,
2754,Soccer players are kicking a soccer ball into the goal,There are no soccer players kicking a soccer ball into the goal,CONTRADICTION,3,A_contradicts_B,B_contradicts_A,soccer players are kicking a soccer ball into the goal,soccer players are kicking a soccer ball into the goal,SEMEVAL,SEMEVAL,TRAIN,A:Soccer,B:There,B:no,
2785,A woman is walking the dog down the street,The woman is not walking the dog,CONTRADICTION,2.6,A_contradicts_B,B_contradicts_A,a woman walks her dog down the street,the woman is walking her dog,SEMEVAL,SEMEVAL,TEST,A:down,A:street,B:not,
2850,The woman is not cooking something,A woman is cooking eggs,CONTRADICTION,4.2,A_contradicts_B,B_contradicts_A,a woman is cooking eggs,a woman is cooking something,SEMEVAL,SEMEVAL,TRAIN,A:not,A:something,B:eggs,
2895,The man isn't lifting weights,The man is lifting barbells,CONTRADICTION,4.2,A_contradicts_B,B_contradicts_A,the man lifted barbells,a man lifts weights,SEMEVAL,SEMEVAL,TEST,A:isn't,A:weights,B:is,B:barbells,
2947,A woman is putting cosmetics on her eyelid,A woman is removing cosmetics from her eyelid,CONTRADICTION,3.3,A_contradicts_B,B_contradicts_A,a woman puts cosmetics on her eyelid,a woman puts cosmetics on her eyelid,SEMEVAL,SEMEVAL,TEST,A:putting,A:on,B:removing,B:from,
2962,The man is eating a banana by a tree,There is no man eating a banana,CONTRADICTION,4.2,A_contradicts_B,B_contradicts_A,a man is eating a banana by a tree,a man is eating a banana,SEMEVAL,SEMEVAL,TEST,A:by,A:tree,B:There,B:no,
2972,A large green ball is hitting a potato,A big green ball is missing a potato,CONTRADICTION,3.4,A_contradicts_B,B_contradicts_A,a large green ball hits a potato,a big green ball knocks a potato over,SEMEVAL,SEMEVAL,TRIAL,A:large,A:hitting,B:big,B:missing,
3038,The dog is playing with a plastic container,The puppy is not playing with a plastic container,CONTRADICTION,3.8,A_contradicts_B,B_contradicts_A,the dog is playing with a plastic container,a puppy plays with a plastic container,SEMEVAL,SEMEVAL,TRAIN,A:dog,B:puppy,B:not,
3040,The puppy is playing with a plastic container,The dog is not playing with a plastic container,CONTRADICTION,4,A_contradicts_B,B_contradicts_A,a puppy plays with a plastic container,the dog is playing with a plastic container,SEMEVAL,SEMEVAL,TEST,A:puppy,B:dog,B:not,
3058,There is no man pouring oil into a pan,A man is pouring oil into a skillet,CONTRADICTION,3.7,A_contradicts_B,B_contradicts_A,a man is pouring oil into a skillet,a man is pouring oil into a pan,SEMEVAL,SEMEVAL,TEST,A:There,A:no,A:pan,B:skillet,
3061,A woman is driving a car and is talking to the man who is seated beside her,There is no woman driving a car and talking to the man seated beside her,CONTRADICTION,4.7,A_contradicts_B,B_contradicts_A,a woman driving a car is talking to the man seated beside her,a woman driving a car is talking to the man seated beside her,SEMEVAL,SEMEVAL,TRIAL,A:who,B:There,B:no,
3114,A man is eating some food,The man is fasting,CONTRADICTION,4.2,A_contradicts_B,B_contradicts_A,a man is eating food,the man is eating,SEMEVAL,SEMEVAL,TRAIN,A:eating,A:some,A:food,B:fasting,
3116,There is no man eating some food,The man is eating,CONTRADICTION,3.3,A_contradicts_B,B_contradicts_A,the man is eating,a man is eating food,SEMEVAL,SEMEVAL,TEST,A:There,A:no,A:some,A:food,
3119,A woman is applying cosmetics to her eyelid,A woman is removing cosmetics from her eyelid,CONTRADICTION,3.5,A_contradicts_B,B_contradicts_A,a woman is applying cosmetics to her eyelid,a woman is applying cosmetics to her eyelid,SEMEVAL,SEMEVAL,TEST,A:applying,A:to,B:removing,B:from,
3217,A kitten is playing with a blue rope toy,The kitten is not playing with a toy,CONTRADICTION,4,A_contradicts_B,B_contradicts_A,a kitten is playing with a toy,a kitten is playing with a blue rope toy,SEMEVAL,SEMEVAL,TRAIN,A:blue,A:rope,B:not,
3233,A boy is running away from the fishing line,A boy is running towards the fishing line,CONTRADICTION,4,A_contradicts_B,B_contradicts_A,a boy runs away from his fishing line,a boy runs away from his fishing line,SEMEVAL,SEMEVAL,TEST,A:away,A:from,B:towards,
3301,The man and woman are not walking,A man and a woman are walking through the woods,CONTRADICTION,3,A_contradicts_B,B_contradicts_A,a man and a woman walk through the woods,the man and woman are walking,SEMEVAL,SEMEVAL,TEST,A:not,B:through,B:woods,
3324,There is no woman cooking a breaded pork chop,The woman is frying a breaded pork chop,CONTRADICTION,3.7,A_contradicts_B,B_contradicts_A,the woman is frying a breaded pork chop,a woman is cooking a breaded pork chop,SEMEVAL,SEMEVAL,TRAIN,A:There,A:no,A:cooking,B:frying,
3347,There is no one typing,Someone is typing,CONTRADICTION,4,A_contradicts_B,B_contradicts_A,someone is typing,someone is typing,SEMEVAL,SEMEVAL,TRAIN,A:There,A:no,A:one,B:Someone,
3389,A panda bear is eating some bamboo,The panda is not eating bamboo,CONTRADICTION,2.6,A_contradicts_B,B_contradicts_A,a panda bear is eating some bamboo,a pankda is eating bamboo,SEMEVAL,SEMEVAL,TRAIN,A:bear,A:some,B:not,
3391,There is no panda bear eating some bamboo,The panda is eating bamboo,CONTRADICTION,4.3,A_contradicts_B,B_contradicts_A,a pankda is eating bamboo,a panda bear is eating some bamboo,SEMEVAL,SEMEVAL,TEST,A:There,A:no,A:bear,A:some,
3463,A man is putting away a guitar,A man is playing a guitar,CONTRADICTION,3.8,A_contradicts_B,B_contradicts_A,a man plays a guitar,a man plays a guitar,SEMEVAL,SEMEVAL,TEST,A:putting,A:away,B:playing,
3509,The woman is not dicing garlic,A woman is chopping up garlic,CONTRADICTION,2.9,A_contradicts_B,B_contradicts_A,a woman is chopping up garlic,the woman is dicing garlic,SEMEVAL,SEMEVAL,TEST,A:not,A:dicing,B:chopping,B:up,
3531,There is no person writing,The person is writing with a pencil,CONTRADICTION,3,A_contradicts_B,B_contradicts_A,a person is writing with a pencil,a person is writing,SEMEVAL,SEMEVAL,TEST,A:There,A:no,B:with,B:pencil,
3562,There is no squirrel spinning around in circles,A squirrel is running around in circles,CONTRADICTION,4.2,A_contradicts_B,B_contradicts_A,a squirrel runs around in circles,a squirrel is spinning around in circles,SEMEVAL,SEMEVAL,TEST,A:There,A:no,A:spinning,B:running,
3565,Paper is being cut with scissors,There is no paper being cut with scissors,CONTRADICTION,3.7,A_contradicts_B,B_contradicts_A,paper is being cut with scissors,paper is being cut with scissors,SEMEVAL,SEMEVAL,TRAIN,A:Paper,B:There,B:no,B:paper,
3591,There is no man playing the drums,A man is playing the drum,CONTRADICTION,4.5,A_contradicts_B,B_contradicts_A,a man is playing the drums,a man plays the drum,SEMEVAL,SEMEVAL,TEST,A:There,A:no,A:drums,B:drum,
3620,The fish are immobile,A fish is swimming,CONTRADICTION,3.8,A_contradicts_B,B_contradicts_A,a fish is swimming,fish are swimming,SEMEVAL,SEMEVAL,TRAIN,A:are,A:immobile,B:is,B:swimming,
3680,Racers are running down a track,There are no racers running down a track,CONTRADICTION,3.7,A_contradicts_B,B_contradicts_A,racers are running down a track,racers are running down a track,SEMEVAL,SEMEVAL,TRIAL,A:Racers,B:There,B:no,B:racers,
3694,The men are not putting suitcases into the trunk of a car ,The men are packing suitcases into the trunk of a car,CONTRADICTION,3.1,A_contradicts_B,B_contradicts_A,two men are packing suitcases into the trunk of a car,the men are putting suitcases into the car's trunk,SEMEVAL,SEMEVAL,TRAIN,A:not,A:putting,B:packing,
3696,The men are putting suitcases into the trunk of a car,The men are not packing suitcases into the trunk of a car,CONTRADICTION,4,A_contradicts_B,B_contradicts_A,the men are putting suitcases into the car's trunk,two men are packing suitcases into the trunk of a car,SEMEVAL,SEMEVAL,TRAIN,A:putting,B:not,B:packing,
3702,A woman is putting make-up on,The woman is removing make-up,CONTRADICTION,2.915,A_contradicts_B,B_contradicts_A,a woman puts make-up on,a woman puts make-up on,SEMEVAL,SEMEVAL,TRAIN,A:putting,A:on,B:removing,
3725,The person is slicing onions,The person is peeling an onion,CONTRADICTION,4.3,A_contradicts_B,B_contradicts_A,a person is slicing onions,a person is peeling an onion,SEMEVAL,SEMEVAL,TRAIN,A:slicing,A:onions,B:peeling,B:onion,
3742,A man is putting down the guitar,A man is playing a guitar,CONTRADICTION,3.9,A_contradicts_B,B_contradicts_A,a man plays a guitar,a man plays a guitar,SEMEVAL,SEMEVAL,TRAIN,A:putting,A:down,B:playing,
3773,The woman is not picking up and holding a baby kangaroo,A woman is picking up and holding a baby kangaroo in her arms,CONTRADICTION,3.7,A_contradicts_B,B_contradicts_A,a woman picks up and holds a baby kangaroo in her arms,a woman picks up and holds a baby kangaroo,SEMEVAL,SEMEVAL,TEST,A:not,B:in,B:her,B:arms,
3841,The man is riding a horse by a creek,There is no man riding a horse,CONTRADICTION,4,A_contradicts_B,B_contradicts_A,a man is riding a horse by a creek,a man is riding a horse,SEMEVAL,SEMEVAL,TEST,A:by,A:creek,B:There,B:no,
3849,A cat is playing a piano,There is no cat playing keyboards,CONTRADICTION,3,A_contradicts_B,B_contradicts_A,a cat is playing a piano,a cat is playing keyboards,SEMEVAL,SEMEVAL,TEST,A:piano,B:There,B:no,B:keyboards,
3913,There is no group of people dancing,A group of people are dancing,CONTRADICTION,3.6,A_contradicts_B,B_contradicts_A,a group of people are dancing,a group of people are dancing,SEMEVAL,SEMEVAL,TEST,A:There,A:is,A:no,B:are,
3948,The men are fist fighting in a ring,Nobody is fist fighting in a ring,CONTRADICTION,4.3,A_contradicts_B,B_contradicts_A,two men fistfight in a ring,two men are fistfighting in a ring,SEMEVAL,SEMEVAL,TRAIN,A:men,A:are,B:Nobody,B:is,
3979,There is no child waking up,A girl is waking up,CONTRADICTION,3.6,A_contradicts_B,B_contradicts_A,a girl is waking up,a child is waking up,SEMEVAL,SEMEVAL,TEST,A:There,A:no,A:child,B:girl,
4016,The woman is putting down the kangaroo,The woman is picking up the kangaroo,CONTRADICTION,3.6,A_contradicts_B,B_contradicts_A,the woman picked up the kangaroo,the woman picked up the kangaroo,SEMEVAL,SEMEVAL,TEST,A:putting,A:down,B:picking,B:up,
4064,A man is inside the house and is throwing blades at a close target,A man is outside and is throwing blades at a close target,CONTRADICTION,3.235,A_contradicts_B,B_contradicts_A,a man is throwing blades into a close target outside,a man is throwing blades into a close target outside,SEMEVAL,SEMEVAL,TEST,A:inside,A:house,B:outside,
4092,The person is not drawing,A man is drawing a picture,CONTRADICTION,3.5,A_contradicts_B,B_contradicts_A,a man is drawing a picture,a person is drawing,SEMEVAL,SEMEVAL,TEST,A:person,A:not,B:man,B:picture,
4101,There is no one playing the guitar,Someone is playing the guitar,CONTRADICTION,3.1,A_contradicts_B,B_contradicts_A,someone is playing guitar,someone is playing guitar,SEMEVAL,SEMEVAL,TEST,A:There,A:no,A:one,B:Someone,
4108,There is no man eating food,A man is eating some food,CONTRADICTION,4.1,A_contradicts_B,B_contradicts_A,a man is eating a food,a man is eating a food,SEMEVAL,SEMEVAL,TRAIN,A:There,A:no,B:some,
4114,There is no man eating food,A man is eating a pizza,CONTRADICTION,3.2,A_contradicts_B,B_contradicts_A,a man is eating a pizza,a man is eating a food,SEMEVAL,SEMEVAL,TRIAL,A:There,A:no,A:food,B:pizza,
4134,There is no dog bouncing on a trampoline,A dog is jumping on a trampoline,CONTRADICTION,3.7,A_contradicts_B,B_contradicts_A,a dog is jumping on a trampoline,a dog bounces on a trampoline,SEMEVAL,SEMEVAL,TRAIN,A:There,A:no,A:bouncing,B:jumping,
4139,There are no kids jumping on a trampoline,Several kids are jumping on a trampoline,CONTRADICTION,3.2,A_contradicts_B,B_contradicts_A,several kids jump up and down on a trampoline,several kids jump up and down on a trampoline,SEMEVAL,SEMEVAL,TEST,A:There,A:no,B:Several,
4249,There is no clown singing and people are not dancing,A clown is singing and people are dancing,CONTRADICTION,3.5,A_contradicts_B,B_contradicts_A,a clown is singing and people are dancing,a clown is singing and people are dancing,SEMEVAL,SEMEVAL,TEST,A:There,A:no,A:not,
4298,A plane is taking off,There is no airplane taking off,CONTRADICTION,2.8,A_contradicts_B,B_contradicts_A,a plane is taking off,an air plane is taking off,SEMEVAL,SEMEVAL,TEST,A:plane,B:There,B:no,B:airplane,
4345,Someone is peeling a banana,There is no one peeling a banana,CONTRADICTION,3.3,A_contradicts_B,B_contradicts_A,someone is peeling a banana,someone is peeling a banana,SEMEVAL,SEMEVAL,TEST,A:Someone,B:There,B:no,B:one,
4374,Someone is playing a piano,There is no one playing a piano,CONTRADICTION,3,A_contradicts_B,B_contradicts_A,someone is playing a piano,someone is playing a piano,SEMEVAL,SEMEVAL,TEST,A:Someone,B:There,B:no,B:one,
4419,A person is removing chopped vegetables from a pot on the stove,A person is dropping chopped vegetables into a pot on the stove,CONTRADICTION,3.5,A_contradicts_B,B_contradicts_A,a person is dumping chopped vegetables into a pot on the stove,a person is dumping chopped vegetables into a pot on the stove,SEMEVAL,SEMEVAL,TEST,A:removing,A:from,B:dropping,B:into,
4563,Some men are fighting,There are no men fighting,CONTRADICTION,3.9,A_contradicts_B,B_contradicts_A,some men are fighting,some men are fighting,SEMEVAL,SEMEVAL,TEST,A:Some,B:There,B:no,
4569,There are no men fighting,Two men are fighting,CONTRADICTION,3.4,A_contradicts_B,B_contradicts_A,two men are fighting,some men are fighting,SEMEVAL,SEMEVAL,TRAIN,A:There,A:no,B:Two,
4650,A man is cutting a thick rope with a sword,There is no man cutting a rope with a sword,CONTRADICTION,3.6,A_contradicts_B,B_contradicts_A,a man is cutting a rope with a sword,the man sliced through a thick rope with a sword,SEMEVAL,SEMEVAL,TRIAL,A:thick,B:There,B:no,
4749,A little girl is playing the violin on a beach,There is no girl playing the violin on a beach,CONTRADICTION,3.9,A_contradicts_B,B_contradicts_A,a little girl plays the violin on a beach,a little girl plays the violin on a beach,SEMEVAL,SEMEVAL,TEST,A:little,B:There,B:no,
4782,A little boy is playing a guitar,There is no boy playing guitar,CONTRADICTION,3.5,A_contradicts_B,B_contradicts_A,a little boy is playing a guitar,a boy is playing guitar,SEMEVAL,SEMEVAL,TRAIN,A:little,B:There,B:no,
4798,There is no kid playing guitar,A boy is playing a guitar,CONTRADICTION,4,A_contradicts_B,B_contradicts_A,a boy is playing a guitar,a kid is playing guitar,SEMEVAL,SEMEVAL,TRAIN,A:There,A:no,A:kid,B:boy,
4892,The man is not exercising,A man is doing pull-ups,CONTRADICTION,2.75,A_contradicts_B,B_contradicts_A,a man is doing pull-ups,the man is exercising,SEMEVAL,SEMEVAL,TEST,A:not,A:exercising,B:doing,B:pull-ups,
4921,There is no man playing a guitar,A man is singing and playing a guitar,CONTRADICTION,4.1,A_contradicts_B,B_contradicts_A,a man is singing and playing a guitar,a man is playing a guitar,SEMEVAL,SEMEVAL,TRAIN,A:There,A:no,B:singing,B:and,
4957,A man in a car is pulling up beside a woman that is who along a road,A man in a car is not pulling up beside a woman who is walking along a road,CONTRADICTION,3.2,A_contradicts_B,B_contradicts_A,a woman is walking along a road and a man in a motorcar pulls up beside her,a woman is walking along a road and a man in a motorcar pulls up beside her,SEMEVAL,SEMEVAL,TRAIN,A:that,B:not,B:walking,
5034,The man is talking on the phone,The man isn't talking on the telephone,CONTRADICTION,3.6,A_contradicts_B,B_contradicts_A,the man is talking on the phone,the man talked on the telephone,SEMEVAL,SEMEVAL,TEST,A:is,A:phone,B:isn't,B:telephone,
5037,The man is not talking on the phone,The man is talking on the telephone,CONTRADICTION,3.7,A_contradicts_B,B_contradicts_A,the man talked on the telephone,the man is talking on the phone,SEMEVAL,SEMEVAL,TRAIN,A:not,A:phone,B:telephone,
5062,There is no man slicing a potato,A man is cutting a potato,CONTRADICTION,4.3,A_contradicts_B,B_contradicts_A,a man cuts a potato,a man is slicing a potato,SEMEVAL,SEMEVAL,TEST,A:There,A:no,A:slicing,B:cutting,
5064,A man is slicing a potato,There is no man cutting a potato,CONTRADICTION,3.4,A_contradicts_B,B_contradicts_A,a man is slicing a potato,a man cuts a potato,SEMEVAL,SEMEVAL,TRAIN,A:slicing,B:There,B:no,B:cutting,
5157,There is no woman putting a child in a waste bin,A woman is putting a baby in a waste bin,CONTRADICTION,4.1,A_contradicts_B,B_contradicts_A,a woman is putting her baby in a waste bin,a woman is putting her baby in a waste bin,SEMEVAL,SEMEVAL,TEST,A:There,A:no,A:child,B:baby,
5159,The woman is poking a potato,The woman is not poking holes in the potato,CONTRADICTION,2.4,A_contradicts_B,B_contradicts_A,the woman is poking holes in the potato,the woman is poking holes in the potato,SEMEVAL,SEMEVAL,TEST,B:not,B:holes,B:in,
5179,A woman is not frying some food,A woman is deep frying food,CONTRADICTION,3.8,A_contradicts_B,B_contradicts_A,a woman is deep frying food,a woman is frying a food,SEMEVAL,SEMEVAL,TEST,A:not,A:some,B:deep,
5181,A woman is frying some food,There is no woman deep frying food,CONTRADICTION,3.9,A_contradicts_B,B_contradicts_A,a woman is frying a food,a woman is deep frying food,SEMEVAL,SEMEVAL,TEST,A:some,B:There,B:no,B:deep,
5186,A woman is pouring eggs into a frying pan,A woman is removing eggs from a frying pan,CONTRADICTION,2.6,A_contradicts_B,B_contradicts_A,a woman is pouring egg into a frying pan,a woman is pouring egg into a frying pan,SEMEVAL,SEMEVAL,TRAIN,A:pouring,A:into,B:removing,B:from,
5271,Someone is folding a piece of paper,A person is not folding a piece of paper,CONTRADICTION,4.2,A_contradicts_B,B_contradicts_A,a person is folding a piece of paper,someone is folding a piece of paper,SEMEVAL,SEMEVAL,TEST,A:Someone,B:person,B:not,
5305,A man is slicing potatoes,The man is not slicing a potato,CONTRADICTION,3.7,A_contradicts_B,B_contradicts_A,a man is slicing potato,the man is slicing a potato,SEMEVAL,SEMEVAL,TEST,A:potatoes,B:not,B:potato,
5307,The man is slicing a potato,There is no man slicing potatoes,CONTRADICTION,3.2,A_contradicts_B,B_contradicts_A,the man is slicing a potato,a man is slicing potato,SEMEVAL,SEMEVAL,TEST,A:potato,B:There,B:no,B:potatoes,
5352,A man is playing a large flute,There is no man playing a flute,CONTRADICTION,4.1,A_contradicts_B,B_contradicts_A,a man is playing a large flute,a man is playing a flute,SEMEVAL,SEMEVAL,TRIAL,A:large,B:There,B:no,
5359,A woman is peeling a potato,There is no lady peeling the potato,CONTRADICTION,4.2,A_contradicts_B,B_contradicts_A,a woman is peeling a potato,the lady peeled the potatoe,SEMEVAL,SEMEVAL,TRAIN,A:woman,B:There,B:no,B:lady,
5361,The lady is peeling the potato,A woman is not peeling a potato,CONTRADICTION,4.2,A_contradicts_B,B_contradicts_A,the lady peeled the potatoe,a woman is peeling a potato,SEMEVAL,SEMEVAL,TRAIN,A:lady,B:woman,B:not,
5431,Someone is not reading the email,A man is reading the email,CONTRADICTION,2.8,A_contradicts_B,B_contradicts_A,a man is reading his email,someone is reading an email,SEMEVAL,SEMEVAL,TEST,A:Someone,A:not,B:man,
5451,A woman is frying fish,There is no woman cooking fish,CONTRADICTION,3.7,A_contradicts_B,B_contradicts_A,a woman is frying fish,a woman is cooking fish,SEMEVAL,SEMEVAL,TEST,A:frying,B:There,B:no,B:cooking,
5710,A man is firing a shotgun,There is no man shooting a shotgun,CONTRADICTION,3.7,A_contradicts_B,B_contradicts_A,a man is firing a shot gun,a man shoots a shotgun,SEMEVAL,SEMEVAL,TRAIN,A:firing,B:There,B:no,B:shooting,
5795,A man is slicing a fish,There is no man cutting a fish,CONTRADICTION,2.8,A_contradicts_B,B_contradicts_A,a man is slicing open a fish,a man is cutting up a fish,SEMEVAL,SEMEVAL,TEST,A:slicing,B:There,B:no,B:cutting,
5798,A person is not frying,A person is frying some food,CONTRADICTION,4,A_contradicts_B,B_contradicts_A,a person is frying,a person is frying,SEMEVAL,SEMEVAL,TEST,A:not,B:some,B:food,
5997,A dog with golden fur is in the water,A dog with golden fur is out of the water,CONTRADICTION,3.7,A_contradicts_B,B_contradicts_A,a dog with golden fur is chest deep in water,a dog with golden fur is chest deep in water,FLICKR,FLICKR,TEST,A:in,B:out,B:of,
6126,A young boy wearing a red swimsuit is jumping into a blue kiddies pool,A young boy wearing a red swimsuit is jumping out of a blue kiddies pool,CONTRADICTION,3.8,A_contradicts_B,B_contradicts_A,a young boy wearing a red swimsuit jumps into a blue kiddie pool,a young boy wearing a red swimsuit jumps into a blue kiddie pool,FLICKR,FLICKR,TEST,A:into,B:out,B:of,
6174,A surfer is falling off the wave,A surfer is riding the wave,CONTRADICTION,3.8,A_contradicts_B,B_contradicts_A,a surfer rides the wave,a surfer rides the wave,FLICKR,FLICKR,TRAIN,A:falling,A:off,B:riding,
6186,The group of people is sitting on a rocky ledge and a scenic view is behind them,The group of people is not sitting on a rocky ledge with a scenic view behind them,CONTRADICTION,3.9,A_contradicts_B,B_contradicts_A,a group of people sit on a rocky ledge with a scenic view behind them,a group of people sit on a rocky ledge with a scenic view behind them,FLICKR,FLICKR,TRAIN,A:and,B:not,B:with,
6260,Two women are wearing bikinis on the sandy beach,There are no women wearing bikinis on the sandy beach,CONTRADICTION,4,A_contradicts_B,B_contradicts_A,two women wearing bikinis on a sandy beach,two women wearing bikinis on a sandy beach,FLICKR,FLICKR,TEST,A:Two,B:There,B:no,
6336,The white dog wearing reindeer ears is near a brown dog,The white dog is not wearing reindeer ears and isn't near a brown dog,CONTRADICTION,3.6,A_contradicts_B,B_contradicts_A,a white dog wearing reindeer ears is next to a brown dog,a white dog wearing reindeer ears is next to a brown dog,FLICKR,FLICKR,TRAIN,B:not,B:and,B:isn't,
6356,A woman in a red dress is putting away an instrument,A woman in a red dress is playing an instrument,CONTRADICTION,3.7,A_contradicts_B,B_contradicts_A,a woman in a red dress playing an instrument,a woman in a red dress playing an instrument,FLICKR,FLICKR,TEST,A:putting,A:away,B:playing,
6498,A man is putting down an electronic device,A man is holding up an electronic device,CONTRADICTION,4.2,A_contradicts_B,B_contradicts_A,a man holds up an electronic device while he and another male look on,a man holds up an electronic device while he and another male look on,FLICKR,FLICKR,TEST,A:putting,A:down,B:holding,B:up,
6509,A brown dog and a black dog are far from the grass,A brown dog and a black dog are in the grass,CONTRADICTION,4.2,A_contradicts_B,B_contradicts_A,one brown and one black dog in grass,one brown and one black dog in grass,FLICKR,FLICKR,TEST,A:far,A:from,B:in,
6556,Two people are looking at a gold statue,Two people are ignoring the nearby gold statue,CONTRADICTION,3.6,A_contradicts_B,B_contradicts_A,two people look up towards a gold statue,two people look up towards a gold statue,FLICKR,FLICKR,TEST,A:looking,A:at,B:ignoring,B:nearby,
6587,A young girl is standing on one leg,A young girl is standing on both legs,CONTRADICTION,4,A_contradicts_B,B_contradicts_A,a young girl stands on one leg,a young girl stands on one leg,FLICKR,FLICKR,TEST,A:one,A:leg,B:both,B:legs,
6614,Four boys are kneeling next to each other in front of a ball,There are no boys kneeling next to each other in front of a ball,CONTRADICTION,4.3,A_contradicts_B,B_contradicts_A,four boys kneeling next to each other with a ball in front of them,four boys kneeling next to each other with a ball in front of them,FLICKR,FLICKR,TRAIN,A:Four,B:There,B:no,
6641,Football players in red and white are jumping and hugging each other,There are no football players in red and white jumping and hugging each other,CONTRADICTION,3.885,A_contradicts_B,B_contradicts_A,football players in red and white are jumping and hugging,football players in red and white are jumping and hugging,FLICKR,FLICKR,TEST,A:Football,B:There,B:no,B:football,
6643,A football player in a red and white uniform is being lifted by two teammates,A football player in a red and white uniform is being pulled down by two teammates,CONTRADICTION,3.2,A_contradicts_B,B_contradicts_A,a sooners football player in his red and white uniform being lifted by two teamates dressed the same,a sooners football player in his red and white uniform being lifted by two teamates dressed the same,FLICKR,FLICKR,TEST,A:lifted,B:pulled,B:down,
6663,Two young women with folded arms are looking away from the screen,Two young women with folded arms are looking at the screen,CONTRADICTION,3.7,A_contradicts_B,B_contradicts_A,two young women one with folded arms look off screen,two young women one with folded arms look off screen,FLICKR,FLICKR,TEST,A:away,A:from,B:at,
6670,A group of students in uniforms is listening attentively at the front of the class,A group of students in uniforms is ignoring the front of the class,CONTRADICTION,3.2,A_contradicts_B,B_contradicts_A,a group of students in uniforms listens attentively to the front of the class,a group of students in uniforms listens attentively to the front of the class,FLICKR,FLICKR,TRAIN,A:listening,A:attentively,A:at,B:ignoring,
6757,A large brown dog and a small grey dog are standing on a rocky surface,There is no large brown dog and small grey dog standing on a rocky surface,CONTRADICTION,3.9,A_contradicts_B,B_contradicts_A,a large brown dog and a small grey dog on a rocky surface with weeds behind them,a large brown dog and a small grey dog on a rocky surface with weeds behind them,FLICKR,FLICKR,TRAIN,A:are,B:There,B:is,B:no,
6873,There are no white dogs running and jumping along a beach,Two white dogs are running and jumping along a beach,CONTRADICTION,3.9,A_contradicts_B,B_contradicts_A,two white dogs are running and jumping along a beach with the ocean behind them,two white dogs are running and jumping along a beach with the ocean behind them,FLICKR,FLICKR,TEST,A:There,A:no,B:Two,
6929,There is nobody jumping in the air on a board,Somebody is jumping in the air on a board,CONTRADICTION,3.5,A_contradicts_B,B_contradicts_A,somebody in the air on a board,somebody in the air on a board,FLICKR,FLICKR,TEST,A:There,A:nobody,B:Somebody,
6998,There is no soccer player who is being tackled by an opponent,A soccer player is being tackled by his opponent,CONTRADICTION,4.3,A_contradicts_B,B_contradicts_A,a soccer player is being tackled by his opponent,a soccer player is being tackled by his opponent,FLICKR,FLICKR,TRAIN,A:There,A:no,A:who,B:his,
7039,A biker with a blue jacket black pants and a white helmet is parking on dirt and people are not watching,A biker with a blue jacket black pants and a white helmet is driving on dirt and people are watching,CONTRADICTION,3.9,A_contradicts_B,B_contradicts_A,a biker with a blue jacket black pants and white helmet driving on dirt while people watch,a biker with a blue jacket black pants and white helmet driving on dirt while people watch,FLICKR,FLICKR,TEST,A:parking,A:not,B:driving,
7125,A brown dog and a black dog are playing in the sand,There is no brown dog and black dog playing in the sand,CONTRADICTION,3.8,A_contradicts_B,B_contradicts_A,a brown dog and a black dog in the sand,a brown dog and a black dog in the sand,FLICKR,FLICKR,TRAIN,A:are,B:There,B:is,B:no,
7161,The black dog is running through the grass,The black dog is walking through the tall grass,CONTRADICTION,4.2,A_contradicts_B,B_contradicts_A,the black dog is walking through the tall grass,the black dog is running through the grass,FLICKR,FLICKR,TRAIN,A:running,B:walking,B:tall,
7308,There is no man wearing a straw hat who is smoking a cigarette,A man is wearing a straw hat and smoking a cigarette,CONTRADICTION,3.9,A_contradicts_B,B_contradicts_A,a man wearing a straw hat smokes a cigarette,a man wearing a straw hat smokes a cigarette,FLICKR,FLICKR,TEST,A:There,A:no,A:who,B:and,
7312,The man in the straw hat is not smoking a cigarette,A man is wearing a straw hat and smoking a cigarette,CONTRADICTION,4.3,A_contradicts_B,B_contradicts_A,a man wearing a straw hat smokes a cigarette,the man in the straw hat smokes a cigarette,FLICKR,FLICKR,TEST,A:in,A:not,B:wearing,B:and,
7347,Two children are playing on a statue,There are no children playing on a statue,CONTRADICTION,4.1,A_contradicts_B,B_contradicts_A,two children playing on a statue,two children playing on a statue,FLICKR,FLICKR,TRAIN,A:Two,B:There,B:no,
7396,A man and a child are kayaking through gentle waters,There is no man and child kayaking through gentle waters,CONTRADICTION,3.1,A_contradicts_B,B_contradicts_A,a man and child kayak through gentle waters,a man and child kayak through gentle waters,FLICKR,FLICKR,TEST,A:are,B:There,B:is,B:no,
7421,A dog is chasing a ball on the grass,There is no dog chasing a ball in the grass,CONTRADICTION,3.4,A_contradicts_B,B_contradicts_A,dog chasing after a ball on the grass,a dog chases a nerf ball in the grass,FLICKR,FLICKR,TEST,A:on,B:There,B:no,B:in,
7447,The little girl is swinging and the woman is standing behind her,The girl is standing behind the little woman who is swinging,CONTRADICTION,3.4,A_contradicts_B,B_contradicts_A,a little girl swings a woman stands behind her,a little girl swings a woman stands behind her,FLICKR,FLICKR,TEST,A:and,A:her,B:who,
7509,There are no dogs fighting for a frisbee in a lake,Two dogs are fighting for a frisbee in a lake,CONTRADICTION,4.4,A_contradicts_B,B_contradicts_A,two dogs both fighting for control of a frisbee while in a lake,two dogs both fighting for control of a frisbee while in a lake,FLICKR,FLICKR,TRAIN,A:There,A:no,B:Two,
7525,There is no child playing with a water spout outdoors with the rest of his family watching,A child is playing with a water spout outdoors and the rest of his family is watching,CONTRADICTION,3.1,A_contradicts_B,B_contradicts_A,a child is playing with a water spout outdoors while the rest of his family watches,a child is playing with a water spout outdoors while the rest of his family watches,FLICKR,FLICKR,TRAIN,A:There,A:no,B:and,
7549,A young girl in blue is jumping in the air,There is no girl in blue jumping in the air,CONTRADICTION,3.7,A_contradicts_B,B_contradicts_A,a young girl wearing blue is jumping in the air,a young girl wearing blue is jumping in the air,FLICKR,FLICKR,TRAIN,A:young,B:There,B:no,
7551,A young girl in a blue leotard is jumping in the air,There is no girl in blue jumping in the air,CONTRADICTION,3.3,A_contradicts_B,B_contradicts_A,a young girl wearing a blue leotard jumps in the air,a young girl wearing blue is jumping in the air,FLICKR,FLICKR,TRAIN,A:young,A:leotard,B:There,B:no,
7569,There is no person on a bike jumping through the air with the sun flaring through the bike frame,A person on a bike is jumping through the air and the sun is flaring through the bike frame,CONTRADICTION,4.2,A_contradicts_B,B_contradicts_A,a person on a bike flies through the air with the sun flaring through the bike frame,a person on a bike flies through the air with the sun flaring through the bike frame,FLICKR,FLICKR,TRAIN,A:There,A:no,A:with,B:and,
7596,There are no dogs playing in the snow,Two dogs are playing in the snow,CONTRADICTION,3.6,A_contradicts_B,B_contradicts_A,two dogs play in the snow,two dogs play in the snow,FLICKR,FLICKR,TEST,A:There,A:no,B:Two,
7607,A girl is getting a tattoo removed from her hand,A girl is getting a tattoo on her hand,CONTRADICTION,3.285,A_contradicts_B,B_contradicts_A,a girl is getting a tattoo on her hand,a girl is getting a tattoo on her hand,FLICKR,FLICKR,TEST,A:removed,A:from,B:on,
7647,A child in a green and white sports uniform is resting on the grass,A child in a green and white sports uniform is running over the grass,CONTRADICTION,3.7,A_contradicts_B,B_contradicts_A,a child in a green and white sports uniform is running over grass,a child in a green and white sports uniform is running over grass,FLICKR,FLICKR,TRAIN,A:resting,A:on,B:running,B:over,
7748,A great dog is climbing a steep hill,A great dog is getting down a steep hill,CONTRADICTION,3.6,A_contradicts_B,B_contradicts_A,a great dane climbing a steep hill,a great dane climbing a steep hill,FLICKR,FLICKR,TEST,A:climbing,B:getting,B:down,
7787,There is no person wearing grey pants who is airborne on a snowboard,A person wearing grey pants is airborne on a snowboard,CONTRADICTION,3,A_contradicts_B,B_contradicts_A,person wearing grey pants airborne on a snowboard,person wearing grey pants airborne on a snowboard,FLICKR,FLICKR,TRAIN,A:There,A:no,A:who,
7879,Three people are driving ATVs,There are no people driving ATVs,CONTRADICTION,3.2,A_contradicts_B,B_contradicts_A,three people drive atvs,three people drive atvs,FLICKR,FLICKR,TEST,A:Three,B:There,B:no,
7955,A basketball player is on the court floor and another one is grabbing the ball,There is no basketball player on the court floor and no one is grabbing the ball,CONTRADICTION,3.2,A_contradicts_B,B_contradicts_A,basketball player has fallen on the court while another grabs at the ball from out of frame,basketball player has fallen on the court while another grabs at the ball from out of frame,FLICKR,FLICKR,TEST,A:another,B:There,B:no,B:no,
7965,A black sheep is standing near three white dogs,A black sheep is standing far from three white dogs,CONTRADICTION,3.5,A_contradicts_B,B_contradicts_A,a black sheep with three white dogs,a black sheep with three white dogs,FLICKR,FLICKR,TEST,A:near,B:far,B:from,
8002,People are dangling from straps and kicking at each other,Nobody is dangling from straps and kicking at each other,CONTRADICTION,3.785,A_contradicts_B,B_contradicts_A,people dangling from straps kicking at each other,people dangling from straps kicking at each other,FLICKR,FLICKR,TRAIN,A:People,A:are,B:Nobody,B:is,
8011,A man dressed in black and white is holding up the tennis racket and is waiting for the ball,A man dressed in black and white is dropping the tennis racket and is waiting for the ball,CONTRADICTION,4,A_contradicts_B,B_contradicts_A,man dressed in black and white holds his tennis racket up waiting for the ball,man dressed in black and white holds his tennis racket up waiting for the ball,FLICKR,FLICKR,TEST,A:holding,A:up,B:dropping,
8101,A topless woman is being covered in mud,There is no topless woman covered in mud,CONTRADICTION,4.1,A_contradicts_B,B_contradicts_A,a topless woman is covered in mud,a topless woman is covered in mud,FLICKR,FLICKR,TEST,A:being,B:There,B:no,
8103,A topless woman is being smeared with a brown substance and a blurry crowd is in the background,A topless woman is being smeared with brown substance and a nobody is in the background,CONTRADICTION,3.8,A_contradicts_B,B_contradicts_A,topless woman smeared with brown substance blurry crowd in background,topless woman smeared with brown substance blurry crowd in background,FLICKR,FLICKR,TEST,A:blurry,A:crowd,B:nobody,
8263,Some people and vehicles are on a crowded street,Some people and vehicles are on a almost empty street,CONTRADICTION,4.2,A_contradicts_B,B_contradicts_A,some people and vehicles on a crowded street,some people and vehicles on a crowded street,FLICKR,FLICKR,TRIAL,A:crowded,B:almost,B:empty,
8344,A person in a motocross uniform is wearing a helmet and rides a red motorcycle,A person in a motocross uniform is not wearing a helmet and riding a red motorcycle,CONTRADICTION,4,A_contradicts_B,B_contradicts_A,a person in a motocross uniform and wearing a helmet rides a red motorcycle,a person in a motocross uniform and wearing a helmet rides a red motorcycle,FLICKR,FLICKR,TEST,A:rides,B:not,B:riding,
8542,The child is splashing water in a small blue pool,The child is splashing water in a big red pool,CONTRADICTION,3.4,A_contradicts_B,B_contradicts_A,the child is splashing water in a small blue pool,the child is splashing water in a small blue pool,FLICKR,FLICKR,TEST,A:small,A:blue,B:big,B:red,
8551,A grey silky dog is running in the grass and a brown dog looks on,A grey silky dog is lying in the grass and a brown dog is looking on,CONTRADICTION,4.3,A_contradicts_B,B_contradicts_A,a grey silky dog is laying in the grass while a brown dog looks on,a grey silky dog is laying in the grass while a brown dog looks on,FLICKR,FLICKR,TRAIN,A:running,A:looks,B:lying,B:looking,
8562,A man in a hat is standing outside of a green jeep,A man with no hat is standing outside of a green jeep,CONTRADICTION,3.95,A_contradicts_B,B_contradicts_A,a man in in a hat standing outside of his green jeep rangler,a man in in a hat standing outside of his green jeep rangler,FLICKR,FLICKR,TRAIN,A:in,B:with,B:no,
8643,A little girl is missing a baseball on a tee,A little girl is hitting a baseball off a tee,CONTRADICTION,3.15,A_contradicts_B,B_contradicts_A,a little girl about to hit a baseball off a tee,a little girl about to hit a baseball off a tee,FLICKR,FLICKR,TEST,A:missing,A:on,B:hitting,B:off,
8739,A young couple is lying on a bed together,A young couple is not lying in bed,CONTRADICTION,3.7,A_contradicts_B,B_contradicts_A,a young couple lying on a bed together,a young couple lying in bed,FLICKR,FLICKR,TRAIN,A:on,A:together,B:not,B:in,
8760,A young boy is jumping out of the water,A young boy is jumping into water,CONTRADICTION,3.5,A_contradicts_B,B_contradicts_A,a young boy jumps into water,a young boy jumps into water,FLICKR,FLICKR,TRAIN,A:out,A:of,B:into,
8798,No people is sitting around a fire at night,Several people are sitting around a fire at night,CONTRADICTION,3.4,A_contradicts_B,B_contradicts_A,several people are sitting around a fire at night,several people are sitting around a fire at night,FLICKR,FLICKR,TEST,A:No,A:is,B:Several,B:are,
8850,The dog is on a leash and is walking in the water,The dog is on a leash and is walking out of the water,CONTRADICTION,3.55,A_contradicts_B,B_contradicts_A,the dog is on a leash and is walking out of the water,the dog is on a leash and is walking out of the water,FLICKR,FLICKR,TEST,A:in,B:out,B:of,
9014,A blond child is going down a slide and throwing up his arms,A child with dark hair is going down a slide and throwing up his arms,CONTRADICTION,3.7,A_contradicts_B,B_contradicts_A,blond child throws up her arms as she travels down slide,blond child throws up her arms as she travels down slide,FLICKR,FLICKR,TRIAL,A:blond,B:with,B:dark,B:hair,
9088,There is no veteran showing things from a war to some people,A veteran is showing different things from a war to some people,CONTRADICTION,4.2,A_contradicts_B,B_contradicts_A,veteran shows off different things from a war,veteran shows off different things from a war,FLICKR,FLICKR,TEST,A:There,A:no,B:different,
9115,Two little boys are playing outside with a soccer ball on the green grass,There are no little boys playing outside with a soccer ball on the green grass,CONTRADICTION,3.2,A_contradicts_B,B_contradicts_A,two little boys are playing outside with their soccer ball on the green grass,two little boys are playing outside with their soccer ball on the green grass,FLICKR,FLICKR,TEST,A:Two,B:There,B:no,
9144,A snowboarder is jumping off the snow,The snowboarder is not jumping off a snow covered hill,CONTRADICTION,3.8,A_contradicts_B,B_contradicts_A,a snowboarder jumps off the snow,the snowboarder jumps off a snow covered hill,FLICKR,FLICKR,TEST,B:not,B:covered,B:hill,
9146,There is no snowboarder jumping off the snow,The snowboarder is jumping off a snow covered hill,CONTRADICTION,3.7,A_contradicts_B,B_contradicts_A,the snowboarder jumps off a snow covered hill,a snowboarder jumps off the snow,FLICKR,FLICKR,TRAIN,A:There,A:no,B:covered,B:hill,
9178,There is no person with a blue backpack hiking in rocky area,A distant person with a blue backpack is hiking in rocky area,CONTRADICTION,3.4,A_contradicts_B,B_contradicts_A,distant person with blue backpack hiking in rocky area mountains in background,distant person with blue backpack hiking in rocky area mountains in background,FLICKR,FLICKR,TEST,A:There,A:no,B:distant,
9378,A man in green is kicking a soccer ball and a man in purple and white is rising up,A man in green is kicking a soccer ball and a man in purple and white is falling down,CONTRADICTION,3.5,A_contradicts_B,B_contradicts_A,a man in green kick a soccer ball while a man in purple and white is falling down,a man in green kick a soccer ball while a man in purple and white is falling down,FLICKR,FLICKR,TEST,A:rising,A:up,B:falling,B:down,
9434,The black and white dog is running indoors,The black and white dog is running in a green yard,CONTRADICTION,3.3,A_contradicts_B,B_contradicts_A,the black and white dog is running on a green yard,the black and white dog is running outdoors,FLICKR,FLICKR,TRAIN,A:indoors,B:in,B:green,B:yard,
9495,The dog is having a rest in the park,The dog is having a rest in the living room,CONTRADICTION,3.7,A_contradicts_B,B_contradicts_A,the dog takes a rest in the park,the dog takes a rest in the park,FLICKR,FLICKR,TRAIN,A:park,B:living,B:room,
9564,A brown dog is running in the snow,No dog is running through the snow,CONTRADICTION,3.1,A_contradicts_B,B_contradicts_A,brown dog runs in snow,a dog runs through the snow,FLICKR,FLICKR,TEST,A:brown,A:in,B:No,B:through,
9616,No people are riding camels at the beach,People are riding two camels at the beach,CONTRADICTION,3.7,A_contradicts_B,B_contradicts_A,people ride two camels at the beach,people ride two camels at the beach,FLICKR,FLICKR,TRAIN,A:No,A:people,B:People,B:two,
