pair_ID,sentence_A,sentence_B,entailment_label,relatedness_score,entailment_AB,entailment_BA,sentence_A_original,sentence_B_original,sentence_A_dataset,sentence_B_dataset,SemEval_set
8,A group of children is playing in the house and there is no man standing in the background,The young boys are playing outdoors and the man is smiling nearby,NEUTRAL,3,A_neutral_B,B_contradicts_A,The children are playing outdoors while a man smiles nearby.,A group of children playing in a yard a man in the background.,FLICKR,FLICKR,TEST
53,Children in red shirts are playing in the leaves,Children in red shirts are sleeping in the leaves,NEUTRAL,4,A_neutral_B,B_contradicts_A,Children in red shirts play in the leaves.,Children in red shirts play in the leaves.,FLICKR,FLICKR,TEST
78,People wearing costumes are gathering in a forest and are looking in the same direction,People wearing costumes are scattering in a forest and are looking in different directions,NEUTRAL,3.2,A_neutral_B,B_contradicts_A,People with costumes are gathered in a wooded area looking the same direction.,People with costumes are gathered in a wooded area looking the same direction.,FLICKR,FLICKR,TRAIN
182,Few people are eating at red tables in a restaurant without lights,Various people are eating at red tables in a crowded restaurant with purple lights,NEUTRAL,3.2,A_neutral_B,B_contradicts_A,Various people are eating at red tables in a crowded restaurant with purple lights.,Various people are eating at red tables in a crowded restaurant with purple lights.,FLICKR,FLICKR,TEST
274,A boy is standing outside the water,A boy is standing in the water,NEUTRAL,3.6,A_neutral_B,B_contradicts_A,A boy up to his knees in water.,A boy up to his knees in water.,FLICKR,FLICKR,TEST
281,A boy is standing in the water,The boy is wading through the blue ocean,NEUTRAL,4,A_neutral_B,B_contradicts_A,The boy is wading through the blue ocean.,A boy up to his knees in water.,FLICKR,FLICKR,TEST
302,A nude lady is walking in front of a crowd in body paint,A nude crowd in body paint is walking in front of a lady ,NEUTRAL,3.1,A_neutral_B,B_contradicts_A,A nude lady walks in front of a crowd in body paint.,A nude lady walks in front of a crowd in body paint.,FLICKR,FLICKR,TRAIN
308,There is no lady walking in body paint in front of a crowd ,A young topless woman is covered in paint,NEUTRAL,3.2,A_neutral_B,B_contradicts_A,A young woman topless except for paint or mud.,A nude lady walks in front of a crowd in body paint.,FLICKR,FLICKR,TEST
323,A man is in a parking lot and is playing tennis against a large wall,A man is in a parking lot and is playing tennis against a friend,NEUTRAL,3.9,A_neutral_B,B_contradicts_A,A man is playing tennis with himself against a large wall in a parking lot.,A man is playing tennis with himself against a large wall in a parking lot.,FLICKR,FLICKR,TRAIN
353,A dog is chasing another and is holding a stick in its mouth,A dog is chasing a stick and holding another dog in its mouth,NEUTRAL,3.2,A_neutral_B,B_contradicts_A,A German Shepherd chases another with a stick in his mouth.,A German Shepherd chases another with a stick in his mouth.,FLICKR,FLICKR,TEST
385,A black and tan dog is running through the low and green grass,A white and tan dog is running through the tall and green grass,NEUTRAL,4,A_neutral_B,B_contradicts_A,A white and tan dog runs through the tall green grass.,A white and tan dog runs through the tall green grass.,FLICKR,FLICKR,TEST
485,Two cats are playing with a red ball,Two daschunds are playing with a red ball,NEUTRAL,3.3,A_neutral_B,B_contradicts_A,Two daschunds play with a red ball,Two daschunds play with a red ball,FLICKR,FLICKR,TRAIN
509,A man is sitting comfortably at a table,There is no man wearing a shirt dyed black sitting at the table and laughing,NEUTRAL,2.8,A_neutral_B,B_contradicts_A,A man wearing a black shirt laughs while sitting at the table.,A man sits at a table.,FLICKR,FLICKR,TEST
510,A man is sitting comfortably at a table,A laughing man is dyeing a shirt black on the table which you cannot sit at ,NEUTRAL,2.4,A_neutral_B,B_contradicts_A,A man sits at a table.,A man wearing a black shirt laughs while sitting at the table.,FLICKR,FLICKR,TEST
545,A woman is standing and isn't looking at the waterfall,A woman is sitting and looking at the waterfall,NEUTRAL,3.1,A_neutral_B,B_contradicts_A,A woman sits staring at a waterfall.,A woman sits staring at a waterfall.,FLICKR,FLICKR,TRAIN
633,A man isn't tossing a kid into the swimming pool that is near the ocean,A father is launching the daughter in a swimming pool,NEUTRAL,3,A_neutral_B,B_contradicts_A,A father launches his daughter in an Oceanside pool.,The man tossed a child into the swimming pool near the ocean.,FLICKR,FLICKR,TEST
640,One man is descending a cliff with a rope,One man is climbing a cliff with a rope,NEUTRAL,3.3,A_neutral_B,B_contradicts_A,A man is climbing a rope up a cliff.,A man is climbing a rope up a cliff.,FLICKR,FLICKR,TEST
656,A young child is climbing a rock climbing wall which is indoors,A young child is under a rock climbing wall which is indoors,NEUTRAL,4,A_neutral_B,B_contradicts_A,A young child climbs an indoor rock climbing wall.,A young child climbs an indoor rock climbing wall.,FLICKR,FLICKR,TEST
666,One man is doing a bicycle trick in midair,A man is failing to perform a bicycle trick in midair,NEUTRAL,3.5,A_neutral_B,B_contradicts_A,A trick cyclist takes air.,A trick cyclist takes air.,FLICKR,FLICKR,TEST
669,The air is tricking a performing cyclist,The cyclist is performing a trick in the air,NEUTRAL,2.4,A_neutral_B,B_contradicts_A,A male doing a bicycle trick in midair.,A male doing a bicycle trick in midair.,FLICKR,FLICKR,TEST
683,A dog which is black and a white one are staring at each other in the street,There are no dogs of different breeds looking at each other across a street,NEUTRAL,3.4,A_neutral_B,B_contradicts_A,A black dog and a white dog with brown spots are staring at each other in the street.,Two dogs of different breeds looking at each other on the road.,FLICKR,FLICKR,TEST
734,The man in the purple hat is operating a camera that makes videos,There is no man with a camera studying the subject,NEUTRAL,3.2,A_neutral_B,B_contradicts_A,The man in the purple hat is operating a video camera.,A man with a camera studies his work.,FLICKR,FLICKR,TRAIN
748,A married couple is walking down the aisle,The bride is leaving the groom after the wedding,NEUTRAL,2.6,A_neutral_B,B_contradicts_A,A bride and groom leaving after the wedding.,A man and bride walk down the aisle,FLICKR,FLICKR,TRAIN
757,The presentation is being watched by a classroom of students,A classroom is empty,NEUTRAL,3,A_neutral_B,B_contradicts_A,A classroom of students watching a presentation.,A class full of students.,FLICKR,FLICKR,TRAIN
791,The dog is snapping at some droplets of water,There is no dog excitedly playing with water in the grass,NEUTRAL,3.5,A_neutral_B,B_contradicts_A,German Shepard standing up snapping at droplets of water,A German shepherd playing with water in the grass.,FLICKR,FLICKR,TRAIN
817,A group of people is equipped with protective gear,A group of people is equipped with unprotective gear,NEUTRAL,3.5,A_neutral_B,B_contradicts_A,A group of people in protective gear.,A group of people in protective gear.,FLICKR,FLICKR,TEST
859,One white dog and one black one are sitting side by side on the grass,A black and a white dog are joyfully running on the grass,NEUTRAL,4.115,A_neutral_B,B_contradicts_A,A black and a white dog are running on the grass.,A white dog and a black dog running side by side on the grass while onlookers watch.,FLICKR,FLICKR,TRAIN
871,A lot of people are in an ice skating park,An ice skating rink placed outdoors is empty,NEUTRAL,3.6,A_neutral_B,B_contradicts_A,An outdoor ice skating rink full of people.,An ice skating park in winter with many people.,FLICKR,FLICKR,TEST
873,Not a lot of people are in an ice skating park,An ice skating rink placed outdoors is full of people,NEUTRAL,3.5,A_neutral_B,B_contradicts_A,An ice skating park in winter with many people.,An outdoor ice skating rink full of people.,FLICKR,FLICKR,TRIAL
909,A man in a blue jumpsuit is failing to perform a wheelie on a motorcycle,The man is doing a wheelie with a motorcycle on ground which is mostly barren,NEUTRAL,3.4,A_neutral_B,B_contradicts_A,The man is doing a wheelie with a motorcycle in mostly barren ground,a man in a blue jumpsuit popping a wheelie on a motorcycle.,FLICKR,FLICKR,TRAIN
938,A little boy is jumping into a puddle on the street,A little boy is getting out of a puddle in the street,NEUTRAL,4,A_neutral_B,B_contradicts_A,The little boy is jumping into a puddle on the street.,The little boy is jumping into a puddle on the street.,FLICKR,FLICKR,TEST
954,Two young kids are fasting,Two toddlers are eating corndogs in a wagon which is really small,NEUTRAL,3,A_neutral_B,B_contradicts_A,Two toddlers are eating corndogs in a small wagon or bin.,two young children eat corndogs.,FLICKR,FLICKR,TEST
1000,A boy in a red shirt is in front of a long blue wall and is suspiciously raising an eyebrow at the camera,A boy in a red shirt is behind a long blue wall and is lowering an eyebrow facing the camera,NEUTRAL,4,A_neutral_B,B_contradicts_A,a boy in a red shirt in front of a long blue wall raises his eyebrow at the camera,a boy in a red shirt in front of a long blue wall raises his eyebrow at the camera,FLICKR,FLICKR,TRAIN
1009,The Jockeys are racing horses on the field which is completely green,The Jockeys are slowing down their horses on the field which is completely green,NEUTRAL,4.2,A_neutral_B,B_contradicts_A,Jockeys are racing their horses on the green field.,Jockeys are racing their horses on the green field.,FLICKR,FLICKR,TRAIN
1012,Some horses are racing furiously over the green grass and jumping an obstacle,Some horses are resting on the green grass,NEUTRAL,3.2,A_neutral_B,B_contradicts_A,Horses being ridden over green grass and jumping an obstacle.,Horses being ridden over green grass and jumping an obstacle.,FLICKR,FLICKR,TEST
1065,There is no person riding a motorbike in the event related to motocross,The person is riding a motorbike on a sandy track,NEUTRAL,3.565,A_neutral_B,B_contradicts_A,A person riding the number 157 dirt bike on a sandy track.,A person rides a motorbike in a motorcrossing event.,FLICKR,FLICKR,TRAIN
1072,A girl is wearing a pink shirt with white writing on it and is lying in the grass,A girl is naked and is standing on the grass,NEUTRAL,2.8,A_neutral_B,B_contradicts_A,Girl in pink shirt with white writing lying in grass.,Girl in pink shirt with white writing lying in grass.,FLICKR,FLICKR,TEST
1086,A dog which is large and gray is dropping a ball from its mouth and stopping in the grass,A dog which is large and gray is carrying a ball in its mouth and running across the grass,NEUTRAL,2.6,A_neutral_B,B_contradicts_A,A large gray dog carrying a ball in its mouth runs across the grass towards the camera.,A large gray dog carrying a ball in its mouth runs across the grass towards the camera.,FLICKR,FLICKR,TEST
1092,A dog which is large and gray is carrying a ball in its mouth and running across the grass,There is no large dog running on the grass with a tennis ball in its mouth,NEUTRAL,3.4,A_neutral_B,B_contradicts_A,A large gray dog carrying a ball in its mouth runs across the grass towards the camera.,A large dog running on grass with a tennis ball in his mouth.,FLICKR,FLICKR,TRAIN
1155,There is no man playing a guitar,A man is playing a piano,NEUTRAL,3.2,A_neutral_B,B_contradicts_A,A man is playing a piano.,A man is playing a guitar.,SEMEVAL,SEMEVAL,TRAIN
1164,A woman is cracking some eggs into a bowl,A woman is removing ingredients from a bowl,NEUTRAL,3.5,A_neutral_B,B_contradicts_A,A woman is cracking three eggs into a bowl.,A woman is adding ingredients to a bowl.,SEMEVAL,SEMEVAL,TEST
1189,A man and a woman are walking together through the city,A man and a woman are walking through a wooded area,NEUTRAL,2.9,A_neutral_B,B_contradicts_A,A man and woman are walking arm in arm through a wooded area.,A man and woman are walking together through the woods.,SEMEVAL,SEMEVAL,TEST
1200,A man is speaking on a podium,There is no man speaking on a stage,NEUTRAL,3.4,A_neutral_B,B_contradicts_A,A man is speaking at a podium.,A man is speaking on a stage.,SEMEVAL,SEMEVAL,TRAIN
1214,A woman is talking on a telephone,Two boys are talking on the phone,NEUTRAL,3.1,A_neutral_B,B_contradicts_A,A woman is talking on a telephone.,Two boys are talking on the phone.,SEMEVAL,SEMEVAL,TRAIN
1222,A small monkey is walking through water,There is no monkey wading through a marsh,NEUTRAL,3.7,A_neutral_B,B_contradicts_A,A small monkey walks through water.,A monkey is wading across a marsh.,SEMEVAL,SEMEVAL,TRAIN
1338,The woman is measuring the other woman,The lady isn't measuring the ankle of another woman,NEUTRAL,2.9,A_neutral_B,B_contradicts_A,The woman is measuring the other woman.,The lady measured the other woman's ankle.,SEMEVAL,SEMEVAL,TEST
1345,A man is hanging up the phone,A man is making a phone call,NEUTRAL,3.8,A_neutral_B,B_contradicts_A,A man is making a phone call.,A man makes a call on a cell phone.,SEMEVAL,SEMEVAL,TRAIN
1354,A dog is rolling from side to side,There is no puppy rolling,NEUTRAL,3.6,A_neutral_B,B_contradicts_A,A dog is rolling from side to side.,A puppy is repeatedly rolling from side to side while on its back.,SEMEVAL,SEMEVAL,TRAIN
1374,A person is playing the keyboard,There is no man playing a keyboard,NEUTRAL,3.4,A_neutral_B,B_contradicts_A,A person is playing the keyboard.,A man plays a keyboard.,SEMEVAL,SEMEVAL,TEST
1460,A man is resting,A man is exercising,NEUTRAL,3.7,A_neutral_B,B_contradicts_A,A man is doing exercise.,A man is doing exercise.,SEMEVAL,SEMEVAL,TEST
1594,The chef is carefully pouring some oil into a pan,There is no man pouring liquid into a pot,NEUTRAL,3.3,A_neutral_B,B_contradicts_A,The chef pours oil in the pan.,A man pours liquid into a pan.,SEMEVAL,SEMEVAL,TEST
1827,A girl is cutting butter into two pieces,A girl is melting two pieces of butter together,NEUTRAL,3.6,A_neutral_B,B_contradicts_A,A girl is slicing a butter into two pieces.,A girl is slicing a butter into two pieces.,SEMEVAL,SEMEVAL,TEST
1947,One small child is drinking water from the cup,One small child is filling the cup with water,NEUTRAL,3.8,A_neutral_B,B_contradicts_A,A small child is drinking water from a cup.,A small child is drinking water from a cup.,SEMEVAL,SEMEVAL,TEST
2016,The man is doing a magic trick,The kid who is doing magic is tricking an old man,NEUTRAL,3.4,A_neutral_B,B_contradicts_A,A man is showing magic.,A man is showing magic.,SEMEVAL,SEMEVAL,TRAIN
2018,A man is dangerously throwing knives at a tree,A man is dangerously extracting knives from a tree,NEUTRAL,3.6,A_neutral_B,B_contradicts_A,A man is throwing knives at a tree.,A man is throwing knives at a tree.,SEMEVAL,SEMEVAL,TRAIN
2054,Some meat is being stitched together by a woman,Some meat is being cut into pieces by a woman,NEUTRAL,3.25,A_neutral_B,B_contradicts_A,A woman is cutting meat into pieces.,A woman is cutting meat into pieces.,SEMEVAL,SEMEVAL,TEST
2212,Two kids are pushing an inflatable crocodile in a pool,Two kids are taking out a green colored crocodile float from a swimming pool,NEUTRAL,4.2,A_neutral_B,B_contradicts_A,two kids push an inflatable crocodile around in a pool,two kids are playing in a swimming pool with a green colored crocodile float,SEMEVAL,SEMEVAL,TRAIN
2221,Someone is falling off a horse,The man is not knocked off of a horse,NEUTRAL,3.9,A_neutral_B,B_contradicts_A,someone fell off a horse,a man gets knocked off of a horse,SEMEVAL,SEMEVAL,TRIAL
2231,A woman is tapping her fingers,A woman is resting her fingers on a table,NEUTRAL,3.1,A_neutral_B,B_contradicts_A,a woman is tapping her fingers,a woman is tapping her fingers on a table,SEMEVAL,SEMEVAL,TRIAL
2241,The dog is not knocking the boy into the water,A dog is pushing a toddler into a rain puddle,NEUTRAL,3.75,A_neutral_B,B_contradicts_A,a dog pushes a toddler into a rain puddle,a dog knocks a boy into the water twice,SEMEVAL,SEMEVAL,TEST
2268,A woman is adding spices to some meat,The woman is adding sugar to the meat slowly,NEUTRAL,3.9,A_neutral_B,B_contradicts_A,a woman is adding spices on a meat,woman is adding sugar to meat,SEMEVAL,SEMEVAL,TEST
2276,A dog is opening a can of food,A dog is closing a can of food,NEUTRAL,3,A_neutral_B,B_contradicts_A,a dog opens a can of food,a dog opens a can of food,SEMEVAL,SEMEVAL,TEST
2296,A boy is playing a guitar,A kid is putting the guitar away,NEUTRAL,3.435,A_neutral_B,B_contradicts_A,a boy is playing a guitar,a kid is playing a guitar,SEMEVAL,SEMEVAL,TEST
2319,There is no one banging a camera lens against a nail,The man is hammering a nail with a camera,NEUTRAL,4.2,A_neutral_B,B_contradicts_A,the man is using a camera to hammer a nail,someone is banging a camera lense against a nail,SEMEVAL,SEMEVAL,TRAIN
2347,A man is pouring a plate of shredded cheese into a pot of sauce,A man is taking a plate of shredded cheese off of a pot of sauce,NEUTRAL,3.9,A_neutral_B,B_contradicts_A,a man pours a plate of shredded cheese into a pot of sauce,a man pours a plate of shredded cheese into a pot of sauce,SEMEVAL,SEMEVAL,TEST
2358,A person is burning some cameras with a blow torch,A person is repairing some cameras with a blow torch,NEUTRAL,3.6,A_neutral_B,B_contradicts_A,a person is blow torching cameras,a person is blow torching cameras,SEMEVAL,SEMEVAL,TRAIN
2373,A man is playing the guitar,The man isn't playing an acoustic guitar,NEUTRAL,3.8,A_neutral_B,B_contradicts_A,a man is playing the guitar,a man plays an acoustic guitar,SEMEVAL,SEMEVAL,TEST
2427,A man is running,A man is standing still,NEUTRAL,2.4,A_neutral_B,B_contradicts_A,a man is running,a man is running,SEMEVAL,SEMEVAL,TEST
2450,A baby rhino is walking around a pen with its mother,A baby rhino and its mother are standing in a pen,NEUTRAL,3.6,A_neutral_B,B_contradicts_A,a baby rhino is walking around his pen with his mother,a baby rhino is walking around his pen with his mother,SEMEVAL,SEMEVAL,TRAIN
2460,A man is riding a motorcycle,A man is getting off the motorcycle,NEUTRAL,3,A_neutral_B,B_contradicts_A,a man is riding a motorcycle,a man is riding a motorcycle,SEMEVAL,SEMEVAL,TEST
2469,A group of people is singing,A group of people is silent,NEUTRAL,3.8,A_neutral_B,B_contradicts_A,a group of people sing,a group of people sing,SEMEVAL,SEMEVAL,TEST
2475,Some people are singing,A group of people is silent,NEUTRAL,2.1,A_neutral_B,B_contradicts_A,some people are singing,a group of people sing,SEMEVAL,SEMEVAL,TEST
2478,A man is playing a trumpet,A man is putting a trumpet away,NEUTRAL,4.1,A_neutral_B,B_contradicts_A,a man is playing a trumpet,a man is playing a trumpet,SEMEVAL,SEMEVAL,TEST
2483,The man is playing a guitar,A man is playing a trumpet brightly,NEUTRAL,2.4,A_neutral_B,B_contradicts_A,a man is playing a guitar,a man is playing a trumpet,SEMEVAL,SEMEVAL,TEST
2512,The woman is not dancing,A woman is dancing in a cage,NEUTRAL,3.7,A_neutral_B,B_contradicts_A,a woman is dancing in a cage,a woman is dancing,SEMEVAL,SEMEVAL,TEST
2523,Four people are floating on a raft,People are not riding and paddling a raft,NEUTRAL,4.4,A_neutral_B,B_contradicts_A,four people are floating on a raft,people ride and paddle a raft,SEMEVAL,SEMEVAL,TEST
2533,A cat is walking away from some corn,A cat is eating corn on the cob,NEUTRAL,3.8,A_neutral_B,B_contradicts_A,a cat is eating corn on the cob,a cat is eating some corn,SEMEVAL,SEMEVAL,TEST
2542,Someone is slicing a tomato,The person isn't slicing a vegetable,NEUTRAL,3.7,A_neutral_B,B_contradicts_A,someone is slicing a vegetable,someone is slicing a tomato,SEMEVAL,SEMEVAL,TEST
2589,A person is cutting some mushrooms,A person is putting away the mushrooms,NEUTRAL,3.5,A_neutral_B,B_contradicts_A,a person is cutting mushrooms,a person is cutting mushrooms with a knife,SEMEVAL,SEMEVAL,TRAIN
2667,Several ferrets are climbing into the cage,Several ferrets are climbing out of the cage,NEUTRAL,3.8,A_neutral_B,B_contradicts_A,several ferrets climb out of their cage,several ferrets climb out of their cage,SEMEVAL,SEMEVAL,TEST
2720,The man is kick boxing with a trainer,There is no karate practitioner kicking at another man who is wearing protective boxing gloves,NEUTRAL,3,A_neutral_B,B_contradicts_A,a man is kick boxing with a trainer,a man is karate kicking at another man wearing protective boxing gloves,SEMEVAL,SEMEVAL,TRIAL
2730,A woman on a rock is lying on a blanket and reading a book,A woman who is seated is singing a song and playing the guitar,NEUTRAL,1.8,A_neutral_B,B_contradicts_A,a woman is lying on a blanket on a rock and reading a book,a woman seated is singing a song and playing the guitar too,SEMEVAL,SEMEVAL,TRAIN
2758,Soccer players are kicking a soccer ball into the goal,A soccer player is missing a goal,NEUTRAL,3.1,A_neutral_B,B_contradicts_A,soccer players are kicking a soccer ball into the goal,a soccer player scores a goal,SEMEVAL,SEMEVAL,TRAIN
2777,There is no person pouring olive oil into a pot on the stove,A person is pouring cooking oil into a pot,NEUTRAL,3.8,A_neutral_B,B_contradicts_A,a person is pouring olive oil into a pot on the stove,a person pours cooking oil into a pot,SEMEVAL,SEMEVAL,TRAIN
2796,There is no guinea pig eating a carrot,A small guinea pig is gnawing and eating a piece of carrot on the floor,NEUTRAL,3.6,A_neutral_B,B_contradicts_A,a guinea pig eats a carrot,a small guinea pig is gnawing and eating a piece of carrot on the floor,SEMEVAL,SEMEVAL,TEST
2810,An animated airplane is landing,An animated airplane is taking off,NEUTRAL,3.9,A_neutral_B,B_contradicts_A,a animated airplane is landing,a animated airplane is landing,SEMEVAL,SEMEVAL,TEST
2820,A woman is pouring a mixture into a bowl and mixing it,A woman is taking a mixture out of a bowl,NEUTRAL,3.9,A_neutral_B,B_contradicts_A,a woman pours a mixture into a bowl and mixes it,a woman pours a mixture into a bowl and mixes it,SEMEVAL,SEMEVAL,TEST
2862,Two cats are fighting each other,The cats are playing with each other,NEUTRAL,3.435,A_neutral_B,B_contradicts_A,the cats are playing with each other,two cats are fighting each other,SEMEVAL,SEMEVAL,TRAIN
2922,The herd of caribous is not crossing a road,A herd of deer is crossing the street,NEUTRAL,3.1,A_neutral_B,B_contradicts_A,a herd of deer are crossing the street,a herd of caribou are crossing a road,SEMEVAL,SEMEVAL,TEST
2941,Two men are fighting in a cattle pen,Nobody is fighting in a cow pasture,NEUTRAL,3.3,A_neutral_B,B_contradicts_A,two men are fighting in a cattle pen,two men are fighting in a cow pasture,SEMEVAL,SEMEVAL,TRAIN
2960,A man is eating a banana,The man is not eating a banana by a tree,NEUTRAL,4,A_neutral_B,B_contradicts_A,a man is eating a banana,a man is eating a banana by a tree,SEMEVAL,SEMEVAL,TRAIN
2968,A large green ball is missing a potato,A large green ball is hitting a potato,NEUTRAL,3.5,A_neutral_B,B_contradicts_A,a large green ball hits a potato,a large green ball hits a potato,SEMEVAL,SEMEVAL,TRIAL
2993,A boy is sitting in a room and playing a piano by lamp light,There is no boy playing a keyboard,NEUTRAL,3.2,A_neutral_B,B_contradicts_A,a boy is sitting in a room playing a piano by lamp light,a boy is playing a key-board,SEMEVAL,SEMEVAL,TEST
2996,A man is playing a guitar,A man is laying down a guitar,NEUTRAL,3.3,A_neutral_B,B_contradicts_A,a man is playing a guitar,a man is playing a guitar,SEMEVAL,SEMEVAL,TRIAL
3013,The man on stage is singing into the microphone,There is no man in a suit standing at a microphone and singing,NEUTRAL,3.3,A_neutral_B,B_contradicts_A,the man sang on stage into the microphone,a man in a suit is standing at a microphone and singing,SEMEVAL,SEMEVAL,TEST
3018,Three teenage girls are dancing in the room,Three teenage girls are idling in the room,NEUTRAL,3.5,A_neutral_B,B_contradicts_A,three teenage girls danced in the room,three teenage girls danced in the room,SEMEVAL,SEMEVAL,TRAIN
3020,Three teenage girls are idling in the room,Some teenage girls are dancing for the camera,NEUTRAL,3.1,A_neutral_B,B_contradicts_A,some teenage girls are dancing for the camera,three teenage girls danced in the room,SEMEVAL,SEMEVAL,TEST
3043,A man is jumping a wall,A man is standing in front of a wall,NEUTRAL,3.1,A_neutral_B,B_contradicts_A,a man is jumping a wall,a man is jumping a wall,SEMEVAL,SEMEVAL,TRAIN
3056,A man is pouring oil into a pan,A man is taking the oil out off a skillet,NEUTRAL,3.6,A_neutral_B,B_contradicts_A,a man is pouring oil into a pan,a man is pouring oil into a skillet,SEMEVAL,SEMEVAL,TEST
3125,A woman is using an eye pencil and is applying eye liner to her eyelid,A woman is removing cosmetics from her eyelid,NEUTRAL,3.8,A_neutral_B,B_contradicts_A,a woman is applying eye liner to her eyelid using an eye pencil,a woman is applying cosmetics to her eyelid,SEMEVAL,SEMEVAL,TEST
3128,A baby is crawling happily,A baby is sitting,NEUTRAL,3,A_neutral_B,B_contradicts_A,a baby is crawling happily,a baby is crawling happily,SEMEVAL,SEMEVAL,TEST
3154,A man is missing the soccer ball,A man is performing tricks with a soccer ball,NEUTRAL,3.5,A_neutral_B,B_contradicts_A,a man is performing tricks with a soccer ball,a man is kicking a soccer ball,SEMEVAL,SEMEVAL,TEST
3163,A man is taping a cut box,A man is cutting a box,NEUTRAL,3.4,A_neutral_B,B_contradicts_A,a man is cutting open a box,the man is slicing the tape from the box,SEMEVAL,SEMEVAL,TEST
3165,The man is cutting the tape on the box,There is no man cutting a box,NEUTRAL,3.7,A_neutral_B,B_contradicts_A,the man is slicing the tape from the box,a man is cutting open a box,SEMEVAL,SEMEVAL,TRAIN
3238,A boy is running away from the fishing line,A boy is hanging a fishing rod and running in front of a fish ,NEUTRAL,3.6,A_neutral_B,B_contradicts_A,a boy is running in front of fish hanging on fishing rod,a boy runs away from his fishing line,SEMEVAL,SEMEVAL,TRAIN
3251,A woman is placing two eggs into a pot of water,A woman is taking two eggs out of a pot of water,NEUTRAL,4,A_neutral_B,B_contradicts_A,a woman places two eggs into a pot of water,a woman places two eggs into a pot of water,SEMEVAL,SEMEVAL,TEST
3296,A man and a woman are walking through the woods,A man and a woman are standing still in the woods,NEUTRAL,3.4,A_neutral_B,B_contradicts_A,a man and a woman walk through the woods,a man and a woman walk through the woods,SEMEVAL,SEMEVAL,TEST
3319,The woman is chopping some bread and fried pork,The woman is frying a breaded pork chop,NEUTRAL,2.9,A_neutral_B,B_contradicts_A,the woman is frying a breaded pork chop,the woman is frying a breaded pork chop,SEMEVAL,SEMEVAL,TRAIN
3403,A man is folding a tortilla,A man is unfolding a tortilla,NEUTRAL,3.8,A_neutral_B,B_contradicts_A,a man folds a tortilla,a man folds a tortilla,SEMEVAL,SEMEVAL,TEST
3426,A man is packing a violin,A man is playing a violin,NEUTRAL,3.6,A_neutral_B,B_contradicts_A,a man is playing a violin,a man is playing a violin,SEMEVAL,SEMEVAL,TRAIN
3446,A woman is serving volleyballs over a net,A woman is being handed volleyballs by another woman,NEUTRAL,3.3,A_neutral_B,B_contradicts_A,a woman serving volleyballs over a net,one woman hands volleyballs to another woman who serves them,SEMEVAL,SEMEVAL,TEST
3456,The man is not chopping a tree trunk with an axe,A man is chopping a log with an axe,NEUTRAL,3.7,A_neutral_B,B_contradicts_A,a man is chopping a log with an axe,a man is chopping a tree trunk with an axe,SEMEVAL,SEMEVAL,TEST
3540,Someone is cooking okra in a pan,Somebody is boiling okra in a pot,NEUTRAL,3.915,A_neutral_B,B_contradicts_A,someone is cooking okra in a pan,someone is boiling okra in a pot,SEMEVAL,SEMEVAL,TEST
3542,Someone is being boiled with okra in a pot,Someone is cooking okra in a pan,NEUTRAL,3,A_neutral_B,B_contradicts_A,someone is cooking okra in a pan,someone is boiling okra in a pot,SEMEVAL,SEMEVAL,TRAIN
3572,The piece of paper is being cut,There is no paper being cut with scissors,NEUTRAL,4.2,A_neutral_B,B_contradicts_A,a piece of paper is being cut,paper is being cut with scissors,SEMEVAL,SEMEVAL,TRAIN
3579,The man is skillfully playing the guitar,A man is playing a flute,NEUTRAL,3.2,A_neutral_B,B_contradicts_A,a man is playing a flute,a man is playing a guitar,SEMEVAL,SEMEVAL,TRAIN
3602,The man is doing floor exercises,A man is lazing,NEUTRAL,2.3,A_neutral_B,B_contradicts_A,a man does floor exercises,a man is exercising,SEMEVAL,SEMEVAL,TRAIN
3605,A man is stopping the bicycle,A man is riding a bicycle,NEUTRAL,3.4,A_neutral_B,B_contradicts_A,a man is riding a bicycle,a man is riding a bicycle,SEMEVAL,SEMEVAL,TEST
3609,A man is riding a bicycle,A monkey is riding a bicycle,NEUTRAL,3.1,A_neutral_B,B_contradicts_A,a man is riding a bicycle,a monkey is riding a bike,SEMEVAL,SEMEVAL,TEST
3618,Some fish are swimming,The fish are immobile,NEUTRAL,3.1,A_neutral_B,B_contradicts_A,fish are swimming,fish are swimming,SEMEVAL,SEMEVAL,TRAIN
3630,A woman is putting meat in a pan,The meat is not being dropped into a pan,NEUTRAL,3.5,A_neutral_B,B_contradicts_A,a woman is putting meat in a pan,meat is dropped into a pan,SEMEVAL,SEMEVAL,TRAIN
3633,The meat is being dropped into a pan,There is no woman putting meat in a pan,NEUTRAL,3.8,A_neutral_B,B_contradicts_A,meat is dropped into a pan,a woman is putting meat in a pan,SEMEVAL,SEMEVAL,TRAIN
3646,Four young men are standing still and a car is exploding behind them,Four young men are exploding and a car is standing still behind them,NEUTRAL,2.9,A_neutral_B,B_contradicts_A,four young men stand still as a car explodes behind them,four young men stand still as a car explodes behind them,SEMEVAL,SEMEVAL,TRAIN
3690,The men are packing suitcases into the trunk of a car,The men are in the suitcases that are being packed in the trunk of a car,NEUTRAL,3.9,A_neutral_B,B_contradicts_A,two men are packing suitcases into the trunk of a car,two men are packing suitcases into the trunk of a car,SEMEVAL,SEMEVAL,TRAIN
3769,A woman is picking up and holding a baby kangaroo in her arms,A woman is dropping a baby kangaroo from her arms,NEUTRAL,3.3,A_neutral_B,B_contradicts_A,a woman picks up and holds a baby kangaroo in her arms,a woman picks up and holds a baby kangaroo in her arms,SEMEVAL,SEMEVAL,TEST
3820,The woman with a knife is slicing a pepper,There is no woman slicing a green pepper,NEUTRAL,3.2,A_neutral_B,B_contradicts_A,a woman with a knife is slicing a pepper,a women slicing green pepper,SEMEVAL,SEMEVAL,TRAIN
3830,A woman is playing a flute,A woman is getting rid of a flute,NEUTRAL,3.4,A_neutral_B,B_contradicts_A,a woman is playing flute,a woman plays on a flute,SEMEVAL,SEMEVAL,TEST
3939,A boy is checking a calendar,A boy is throwing away a calendar,NEUTRAL,3.4,A_neutral_B,B_contradicts_A,a boy is checking a calender,a boy is looking at a calendar,SEMEVAL,SEMEVAL,TRAIN
3969,A woman is slicing a clove of garlic,A woman is slicing a pepper which is big,NEUTRAL,2.5,A_neutral_B,B_contradicts_A,a woman is slicing a garlic,a woman is slicing a big pepper,SEMEVAL,SEMEVAL,TEST
4007,A man is climbing a rope,The man is not climbing up a rope,NEUTRAL,2.9,A_neutral_B,B_contradicts_A,a man is climbing a rope,a man climbs up a rope,SEMEVAL,SEMEVAL,TRAIN
4046,A man is standing still,A man is dancing,NEUTRAL,2.6,A_neutral_B,B_contradicts_A,a man is dancing,a man is dancing,SEMEVAL,SEMEVAL,TRAIN
4088,The person is painting,The person is drawing,NEUTRAL,3.4,A_neutral_B,B_contradicts_A,a person is drawing,a person is drawing,SEMEVAL,SEMEVAL,TRAIN
4208,A person is slicing a piece of bread,There is no man slicing some bread,NEUTRAL,3.7,A_neutral_B,B_contradicts_A,a person is slicing a bread pieces,a man is slicing bread,SEMEVAL,SEMEVAL,TEST
4376,A man is playing a guitar,There is no one playing a piano,NEUTRAL,2.7,A_neutral_B,B_contradicts_A,a man is playing a guitar,someone is playing a piano,SEMEVAL,SEMEVAL,TRIAL
4387,A man is untying a shoe,A man is tying a shoe,NEUTRAL,3,A_neutral_B,B_contradicts_A,a man ties a shoe,a man is tying his shoe,SEMEVAL,SEMEVAL,TRAIN
4503,The doctor is not helping the patient,The doctors are reviving a man,NEUTRAL,3.1,A_neutral_B,B_contradicts_A,doctors are trying to revive a man,the doctor was helping the patient,SEMEVAL,SEMEVAL,TRAIN
4540,A cat is crawling under a piece of furniture,There is no cat sliding upside down under a couch,NEUTRAL,3.1,A_neutral_B,B_contradicts_A,a cat is crawling under a piece of furniture on it's back,a cat is sliding upside down under a couch,SEMEVAL,SEMEVAL,TRAIN
4642,A man is playing a harp,A man is playing a keyboard,NEUTRAL,3.2,A_neutral_B,B_contradicts_A,a man is playing a keyboard,a man is playing a harp,SEMEVAL,SEMEVAL,TEST
4725,A monkey is practicing martial arts,There is no monkey kicking a person,NEUTRAL,2.9,A_neutral_B,B_contradicts_A,a monkey pratices martial arts,a monkey is karate kicking a person,SEMEVAL,SEMEVAL,TRAIN
4751,The girl is standing on the couch and crocheting,The girl is sitting on the couch and is crocheting,NEUTRAL,4.2,A_neutral_B,B_contradicts_A,the girl sat on the couch to crochet,the girl sat on the couch to crochet,SEMEVAL,SEMEVAL,TEST
4769,The man is removing sliced cucumbers from water,The man is dropping sliced cucumbers into water,NEUTRAL,3.6,A_neutral_B,B_contradicts_A,the man is dropping sliced cucumbers into water,the man is dropping sliced cucumbers into water,SEMEVAL,SEMEVAL,TRAIN
4804,A dog is teasing a monkey at the zoo,A monkey is teasing a dog at the zoo,NEUTRAL,3.5,A_neutral_B,B_contradicts_A,a monkey is teasing a dog at the zoo,a monkey is teasing a dog at the zoo,SEMEVAL,SEMEVAL,TEST
4919,A man is playing a guitar,There is no man singing and playing a guitar,NEUTRAL,4,A_neutral_B,B_contradicts_A,a man is playing a guitar,a man is singing and playing a guitar,SEMEVAL,SEMEVAL,TRAIN
4940,An officer is talking to the recruits,The recruits are barking at the military officer,NEUTRAL,2.885,A_neutral_B,B_contradicts_A,an officer is talking to recruits,the military officer barked at the recruits,SEMEVAL,SEMEVAL,TRAIN
4942,The military officer is barking at the recruits,An officer is listening to the recruits,NEUTRAL,3.3,A_neutral_B,B_contradicts_A,the military officer barked at the recruits,an officer is talking to recruits,SEMEVAL,SEMEVAL,TRAIN
5202,A woman is pulling some sticky goo out of a bowl,A woman is putting some sticky goo in a bowl,NEUTRAL,3.4,A_neutral_B,B_contradicts_A,a woman is pulling some kind of sticky goo out of a bowl,a woman is pulling some kind of sticky goo out of a bowl,SEMEVAL,SEMEVAL,TEST
5247,A woman is playing the trumpet,A man is playing the trumpet,NEUTRAL,3.1,A_neutral_B,B_contradicts_A,a man is playing the trumpet,a man is playing the trumpet,SEMEVAL,SEMEVAL,TRAIN
5260,A man is riding a horse,The person is not riding the horse,NEUTRAL,3.7,A_neutral_B,B_contradicts_A,a man is riding a horse,the person is riding the horse,SEMEVAL,SEMEVAL,TRAIN
5330,A man is jumping out of a pool,A man is diving into a pool,NEUTRAL,3.6,A_neutral_B,B_contradicts_A,a man is diving into a pool,a man is diving into a pool,SEMEVAL,SEMEVAL,TEST
5332,A man is diving into a pool,A man is jumping out of a pool,NEUTRAL,3.7,A_neutral_B,B_contradicts_A,a man dives into a pool,a man is diving into a pool,SEMEVAL,SEMEVAL,TEST
5391,A man is removing some food from a box,A man is putting some food in a box,NEUTRAL,3.4,A_neutral_B,B_contradicts_A,a man is putting foods in a box,a man is putting foods in a box,SEMEVAL,SEMEVAL,TRAIN
5519,A man is drawing some figures,A man is erasing some figures,NEUTRAL,4,A_neutral_B,B_contradicts_A,a man is drawing some figures,a man is drawing some figures,SEMEVAL,SEMEVAL,TEST
5521,A man is erasing some figures,A man is drawing on a digital dry erase board,NEUTRAL,3,A_neutral_B,B_contradicts_A,a man is drawing on a digital dry erase board,a man is drawing some figures,SEMEVAL,SEMEVAL,TRAIN
5537,A group of people are marching,A group of people are standing,NEUTRAL,3.9,A_neutral_B,B_contradicts_A,a group of people are marching in place,a group of people are marching in place,SEMEVAL,SEMEVAL,TRAIN
5564,The boy is trotting on the horse,The girl is trotting on the horse,NEUTRAL,2.8,A_neutral_B,B_contradicts_A,the girl trotted the horse,the girl trotted the horse,SEMEVAL,SEMEVAL,TEST
5638,A kid is playing the guitar,There is no young boy singing and playing a guitar,NEUTRAL,3.4,A_neutral_B,B_contradicts_A,a kid plays the guitar,a young boy sings and plays a guitar,SEMEVAL,SEMEVAL,TEST
5647,Someone is stirring a pot of chili with a spoon,Someone is not stirring chili in a kettle,NEUTRAL,3.7,A_neutral_B,B_contradicts_A,someone is stirring a pot of chili with a spoon,someone is stirring chili in a kettle,SEMEVAL,SEMEVAL,TRAIN
5661,A cat is playing with a small bottle,A cat is playing with a big bottle,NEUTRAL,3.5,A_neutral_B,B_contradicts_A,a cat plays with a small bottle,a cat plays with a small bottle,SEMEVAL,SEMEVAL,TEST
5672,A small dog is lying on the bed,A small dog is lying under the bed,NEUTRAL,3.5,A_neutral_B,B_contradicts_A,a small dog laying on the bed,a small dog laying on the bed,SEMEVAL,SEMEVAL,TEST
5674,A small dog is lying on a bed,A small dog is lying under the bed,NEUTRAL,3.1,A_neutral_B,B_contradicts_A,a small dog is laying on a bed,a small dog laying on the bed,SEMEVAL,SEMEVAL,TEST
5867,The women are not singing and dancing,Two women are dancing and singing in front of a crowd,NEUTRAL,3.6,A_neutral_B,B_contradicts_A,two women are dancing and singing in front of a crowd,the women are singing and dancing,SEMEVAL,SEMEVAL,TRAIN
5888,A dog is sitting on the ground,A dog is running on the ground,NEUTRAL,4,A_neutral_B,B_contradicts_A,a dog is running on the ground,a dog is running on the ground,SEMEVAL,SEMEVAL,TEST
5926,Two men are hugging,Two men are fighting,NEUTRAL,3.2,A_neutral_B,B_contradicts_A,two men are fighting,two men are fighting,SEMEVAL,SEMEVAL,TEST
5973,A man in a hat is walking through a store,A man in a hat is walking past a store,NEUTRAL,4.1,A_neutral_B,B_contradicts_A,a man in a hat is making his way through a store,a man in a hat is making his way through a store,FLICKR,FLICKR,TEST
5978,A man in a hat is walking through a store,The man in a cowboy hat is not walking through a market and is not putting a hand in his pocket,NEUTRAL,2.5,A_neutral_B,B_contradicts_A,a man in a hat is making his way through a store,a man in a cowboy hat is walking through a market and reaching into his pocket,FLICKR,FLICKR,TRAIN
6018,A homeless man is holding up a sign and is begging for money,A homeless man is putting down a sign and refusing some charity,NEUTRAL,3.8,A_neutral_B,B_contradicts_A,a homeless man holds up a sign begging for money for beer pot and a hooker,a homeless man holds up a sign begging for money for beer pot and a hooker,FLICKR,FLICKR,TEST
6066,A person in a blue jacket is jumping off of a tall cement wall,A person in a blue jacket is jumping onto a tall cement wall,NEUTRAL,4.1,A_neutral_B,B_contradicts_A,a person in a blue jacket jumps off of a tan cement wall,a person in a blue jacket jumps off of a tan cement wall,FLICKR,FLICKR,TEST
6084,A brown dog and a red dog are sitting sadly on the beach,A brown dog and a red dog are frolicking on the beach,NEUTRAL,3.9,A_neutral_B,B_contradicts_A,a brown dog and a red dog frolicking on the waters edge on the beach,a brown dog and a red dog frolicking on the waters edge on the beach,FLICKR,FLICKR,TRAIN
6093,The man is sitting next to a birdcage,The man is standing next to a bird cage,NEUTRAL,4.5,A_neutral_B,B_contradicts_A,the man is standing next to a bird cage,the man is standing next to a bird cage,FLICKR,FLICKR,TRAIN
6102,A brown and black dog is running through the leaves,A brown and black dog is resting in the leaves,NEUTRAL,3.5,A_neutral_B,B_contradicts_A,a brown and black dog runs through the leaves,a brown and black dog runs through the leaves,FLICKR,FLICKR,TEST
6117,A black and white dog is holding a baseball in its mouth,A black and white dog is dropping a baseball from its mouth,NEUTRAL,4.1,A_neutral_B,B_contradicts_A,black and white dog holding a baseball in mouth,black and white dog holding a baseball in mouth,FLICKR,FLICKR,TRAIN
6231,Two dogs are playing together on the grass,Two dogs are resting together in the grass,NEUTRAL,3.3,A_neutral_B,B_contradicts_A,two dogs playing together on the grass,two dogs playing together on the grass,FLICKR,FLICKR,TRIAL
6240,A brown dog is jumping in the air,A brown dog is sitting down,NEUTRAL,2.5,A_neutral_B,B_contradicts_A,a brown dog jumps in the air,a brown dog jumps in the air,FLICKR,FLICKR,TEST
6275,A dog with a golden coat is swimming through the water,There is no dog swimming in a lake with sunshine shining on him,NEUTRAL,2.9,A_neutral_B,B_contradicts_A,a dog with golden hair swims through water,a dog swimming in a lake has sunshine shining on him,FLICKR,FLICKR,TEST
6283,A black dog is running in the grass and its tongue is hanging out,A black dog is lying in the grass,NEUTRAL,3.5,A_neutral_B,B_contradicts_A,a black dog runs in the grass its tongue hanging out,a black dog running in grass,FLICKR,FLICKR,TEST
6298,The man is sitting indoors,The man is sitting outside under a purple umbrella,NEUTRAL,2.6,A_neutral_B,B_contradicts_A,the man is sitting outside on the street under a purple umbrella,the man is sitting outside on the street under a purple umbrella,FLICKR,FLICKR,TEST
6430,The man is playing the guitar and has the guitar case open for donations,The man is opening the guitar for donations and plays with the case,NEUTRAL,2.7,A_neutral_B,B_contradicts_A,a man plays his guitar with the case open for donations,a man plays his guitar with the case open for donations,FLICKR,FLICKR,TEST
6433,A man in a purple suit is standing by a purple case and is playing a guitar,The man is opening the guitar for donations and plays with the case,NEUTRAL,3.1,A_neutral_B,B_contradicts_A,a man in a purple suit is standing by a purple case playing a guitar,a man plays his guitar with the case open for donations,FLICKR,FLICKR,TEST
6449,A little boy is wearing a yellow tank top and is laughing,A little boy is topless and is serious,NEUTRAL,2.7,A_neutral_B,B_contradicts_A,a little boy wearing a yellow tank top is laughing,a little boy wearing a yellow tank top is laughing,FLICKR,FLICKR,TEST
6460,Two men are riding an orange raft on the shore,Two men are getting off of an orange raft on the shore,NEUTRAL,4.2,A_neutral_B,B_contradicts_A,two men ride an orange raft to shore,two men ride an orange raft to shore,FLICKR,FLICKR,TRAIN
6473,A dog with long hair and a red vest is running in the grass,The dog in the red vest is not running in the field,NEUTRAL,3.9,A_neutral_B,B_contradicts_A,a dog with long hair and a red vest runs in the grass,the dog in the red vest runs in the field,FLICKR,FLICKR,TEST
6482,The person is not standing on white ice,A person is standing in a vast field of glacial ice,NEUTRAL,3.1,A_neutral_B,B_contradicts_A,a person stands in a vast field of glacial ice,the person is standing on white ice,FLICKR,FLICKR,TRIAL
6484,The person is standing on white ice,There is no person standing in a vast field of glacial ice,NEUTRAL,3.6,A_neutral_B,B_contradicts_A,the person is standing on white ice,a person stands in a vast field of glacial ice,FLICKR,FLICKR,TEST
6553,A small boy is standing in the forest,There is no young child standing in front of some trees,NEUTRAL,3.4,A_neutral_B,B_contradicts_A,small boy in forest,a young child is standing in front of some trees,FLICKR,FLICKR,TEST
6582,The tan dog is watching a brown dog that is swimming in a pond,There is no pet dog standing on the bank and looking at another brown dog in the pond,NEUTRAL,2.5,A_neutral_B,B_contradicts_A,a tan dog watching a brown dog swimming in a pond,a pet dog standing on bank is looking at another brown dog inside a pond,FLICKR,FLICKR,TRAIN
6585,A young girl is dancing,A young girl is standing still,NEUTRAL,3,A_neutral_B,B_contradicts_A,a young girl dancing,a young girl dancing,FLICKR,FLICKR,TEST
6600,A bee is taking off from a yellow flower,A small bee is landing on a bunch of yellow flowers,NEUTRAL,2.6,A_neutral_B,B_contradicts_A,a small bee landed on a bunch of yellow flowers,a bee clings to a yellow flower,FLICKR,FLICKR,TRAIN
6605,Four people are walking across thick snow and the sun is setting,Four people are standing in thick snow and the sun is rising,NEUTRAL,3.5,A_neutral_B,B_contradicts_A,four people walking across thick snow during a sunset,four people walking across thick snow during a sunset,FLICKR,FLICKR,TRAIN
6618,Four boys are kneeling next to each other in front of a ball,The young boys are not posing with a green soccer ball in a park,NEUTRAL,3,A_neutral_B,B_contradicts_A,four boys kneeling next to each other with a ball in front of them,four young boys pose with a green soccer ball in a park,FLICKR,FLICKR,TRAIN
6621,A tan dog is resting near a brush,A tan dog is running through the brush,NEUTRAL,4,A_neutral_B,B_contradicts_A,a tan dog runs through the brush,a tan dog runs through the brush,FLICKR,FLICKR,TEST
6633,A horse is leaping a hurdle and has a rider on its back,A horse with no rider is falling over a hurdle,NEUTRAL,2.8,A_neutral_B,B_contradicts_A,a horse leaps a hurdle with a rider on its back,a horse leaps a hurdle with a rider on its back,FLICKR,FLICKR,TEST
6684,Three boys are jumping off a platform,A boy is jumping off a platform and two other boys are standing and staring at him,NEUTRAL,3.7,A_neutral_B,B_contradicts_A,three boys jumping off of a platform,a boy jumps off a platform whilst two other boys stand and watch,FLICKR,FLICKR,TRAIN
6685,Three boys are jumping off a platform,A boy is jumping on a platform and two other boys are sitting absentmindedly,NEUTRAL,3.465,A_neutral_B,B_contradicts_A,three boys jumping off of a platform,a boy jumps off a platform whilst two other boys stand and watch,FLICKR,FLICKR,TEST
6686,Three boys are jumping off a platform,A boy is jumping off a platform and two other boys are standing and watching,NEUTRAL,3.9,A_neutral_B,B_contradicts_A,a boy jumps off a platform whilst two other boys stand and watch,three boys jumping off of a platform,FLICKR,FLICKR,TEST
6697,A group of people is sitting on both sides of a red stone structure,A group of people is standing on both sides of a red stone structure,NEUTRAL,4.4,A_neutral_B,B_contradicts_A,a group of people sit on both sides of a red stone structure,a group of people sit on both sides of a red stone structure,FLICKR,FLICKR,TRAIN
6723,The black bird is not sitting in a leafless tree,A black bird is sitting on a dead tree,NEUTRAL,3.8,A_neutral_B,B_contradicts_A,a black bird sits in a dead tree,a black bird sitting in a leafless tree,FLICKR,FLICKR,TRAIN
6738,The people are sitting on a bench in front of a restaurant,The people are sitting in a restaurant in front of the beach,NEUTRAL,4,A_neutral_B,B_contradicts_A,three people on a bench in front of a restaurant,three people on a bench in front of a restaurant,FLICKR,FLICKR,TRAIN
6748,Two people in two chairs are talking,Two people in two chairs are reading,NEUTRAL,3.9,A_neutral_B,B_contradicts_A,two people in chairs reading,two people in chairs reading,FLICKR,FLICKR,TRAIN
6815,A person is stopping the bicycle in the sand beside the ocean,A person is riding a bicycle in the sand beside the ocean,NEUTRAL,3.6,A_neutral_B,B_contradicts_A,a person rides his bicycle in the sand beside the ocean,a person rides his bicycle in the sand beside the ocean,FLICKR,FLICKR,TEST
6857,A dog is running uphill,There is no dog running up a grassy hill,NEUTRAL,4.1,A_neutral_B,B_contradicts_A,a dog running uphill,a dog is running up a grassy hill,FLICKR,FLICKR,TRAIN
6859,A dog is running downhill,A dog is running up a grassy hill,NEUTRAL,3,A_neutral_B,B_contradicts_A,a dog is running up a grassy hill,a dog running uphill,FLICKR,FLICKR,TEST
6871,Two dogs are playing on the beach,Two dogs are resting on the beach,NEUTRAL,3.7,A_neutral_B,B_contradicts_A,two dogs playing on the beach,two dogs playing on the beach,FLICKR,FLICKR,TEST
6904,The man with brown hair is not wearing sunglasses and is not sitting at a table with cans of soda and other drinks,A young man with brown hair and sunglasses is sitting in front of some cans of soda,NEUTRAL,4,A_neutral_B,B_contradicts_A,a young man with brown hair and sunglasses sits by cans of soda,a man with brown hair and a five o'clock shadow is wearing sunglasses and sitting at a table with cans of soda and other drinks,FLICKR,FLICKR,TEST
6939,Two men a woman and two young boys are sitting in front of a large gathering of people outside a building,Two men a woman and two young boys are standing in front of a large gathering of people outside a building,NEUTRAL,3.8,A_neutral_B,B_contradicts_A,two men a woman and two young boys stand in front of a large gathering of people outside a building,two men a woman and two young boys stand in front of a large gathering of people outside a building,FLICKR,FLICKR,TEST
6960,A man in a white hat is playing guitar on stage,A man in a white hat is getting off stage,NEUTRAL,3.9,A_neutral_B,B_contradicts_A,a man in a white hat plays guitar on a stage,a man in a white hat plays guitar on a stage,FLICKR,FLICKR,TEST
6974,A man is participating in a bmx race,There is no man in a red uniform making a jump in a dirt bike race,NEUTRAL,2.8,A_neutral_B,B_contradicts_A,a man participates in a bmx race,a man in a red uniform makes a jump in a dirt bike race,FLICKR,FLICKR,TRAIN
7019,A child in light colored clothing is standing with his arms extended outward,A child in light colored clothing is lying with his arms crossed,NEUTRAL,3.7,A_neutral_B,B_contradicts_A,child in light colored clothing standing with arms extended outward,child in light colored clothing standing with arms extended outward,FLICKR,FLICKR,TRAIN
7053,A female wearing pink gloves and a brown jacket is smiling in the snow,There is no young Asian woman with pink gloves standing in the snow,NEUTRAL,2.5,A_neutral_B,B_contradicts_A,a female wearing pink gloves and a brown jacket is smiling in the snow,young asian woman with pink gloves stands in the snow,FLICKR,FLICKR,TEST
7074,A black dog is standing in shallow water,A black dog is standing in deep water,NEUTRAL,3.9,A_neutral_B,B_contradicts_A,a black dog in shallow water,a black dog in shallow water,FLICKR,FLICKR,TRAIN
7116,A little boy in red clothes is jumping onto the ground,A little boy in red clothes is jumping into the air,NEUTRAL,3.6,A_neutral_B,B_contradicts_A,a little boy wearing red jumps into the air,a little boy wearing red jumps into the air,FLICKR,FLICKR,TRAIN
7129,A brown dog and a black dog are playing in the sand,A black dog is attacking a brown dog on the sand,NEUTRAL,3.465,A_neutral_B,B_contradicts_A,a brown dog and a black dog in the sand,a black dog plays with a brown dog on the sand,FLICKR,FLICKR,TEST
7159,A black dog is walking through some tall grass,The black dog is running through the grass,NEUTRAL,3.8,A_neutral_B,B_contradicts_A,the black dog is running through the grass,the black dog is walking through the tall grass,FLICKR,FLICKR,TEST
7178,A young child with black hair is taking a picture with a camera,There is no child holding a camera in front of his face,NEUTRAL,2.8,A_neutral_B,B_contradicts_A,a young child with black hair is taking a picture with a canon camera,a child is holding up a camera in front of its face,FLICKR,FLICKR,TEST
7196,A man is standing on a sidewalk,A man is sitting on a sidewalk,NEUTRAL,3.9,A_neutral_B,B_contradicts_A,a man is standing on a sidewalk in the background with a blurry image of another man in the foreground,a man is standing on a sidewalk in the background with a blurry image of another man in the foreground,FLICKR,FLICKR,TRAIN
7245,A woman in a black shirt is sitting next to a fluorescent green bag,A woman in a black shirt is standing next to a fluorescent green bag,NEUTRAL,3.6,A_neutral_B,B_contradicts_A,a woman in a black shirt is sitting next to a florescent green bag,a woman in a black shirt is sitting next to a florescent green bag,FLICKR,FLICKR,TEST
7282,The brown dog is not playing outdoors,The furry brown dog is running through the grassy area,NEUTRAL,2.5,A_neutral_B,B_contradicts_A,the furry brown dog is running through the grassy area,the brown dog is playing outdoors,FLICKR,FLICKR,TEST
7328,Three men are looking into the distance,Three men are looking at something nearby,NEUTRAL,3.4,A_neutral_B,B_contradicts_A,three man looking into the distance,three man looking into the distance,FLICKR,FLICKR,TEST
7332,Three men are not staring at the big green hills in the distance,Three men are looking into the distance,NEUTRAL,3.6,A_neutral_B,B_contradicts_A,three man looking into the distance,three men are staring at the big green hills in the distance,FLICKR,FLICKR,TRAIN
7378,A smiling boy in summer clothes is standing still outside a building,A smiling boy in winter clothes is waving his mittened hands outside a building in the snow,NEUTRAL,3.4,A_neutral_B,B_contradicts_A,a smiling boy in winter clothes waves his mittened hands outside a building in the snow,a smiling boy in winter clothes waves his mittened hands outside a building in the snow,FLICKR,FLICKR,TEST
7537,A football player is running past an official carrying a football,A football player is carrying an official past a rolling football,NEUTRAL,4.1,A_neutral_B,B_contradicts_A,a football player runs past an official carrying a football,a football player runs past an official carrying a football,FLICKR,FLICKR,TRAIN
7571,The person is flying through the air on a bicycle,There is no person on a bike jumping through the air with the sun flaring through the bike frame,NEUTRAL,3.7,A_neutral_B,B_contradicts_A,a person on a bike flies through the air with the sun flaring through the bike frame,a person flying through the air on a bicycle,FLICKR,FLICKR,TEST
7579,Some men are idling,Some men are playing rugby,NEUTRAL,2.5,A_neutral_B,B_contradicts_A,men play rugby,men play rugby,FLICKR,FLICKR,TEST
7633,A man is wearing a red jacket and standing beside a yellow canoe on some rocks with water in the background,There is no man in a red jacket standing next to a yellow kayak on some rocks by the ocean,NEUTRAL,3.8,A_neutral_B,B_contradicts_A,a man wearing a red jacket standing beside a yellow canoe on some rocks with water in the background,a man in a red jacket stands next to a yellow kayak on rocks by the ocean,FLICKR,FLICKR,TEST
7644,The black dog is not walking along a tree trunk bridge over water,A dog is crossing a river on a bridge made from a fallen tree,NEUTRAL,2.6,A_neutral_B,B_contradicts_A,a dog crossing a river on a bridge made of a fallen tree,the black dog is walking along a tree trunk bridge over water,FLICKR,FLICKR,TEST
7651,A child in a green and white sports uniform is running over the grass,There is no little boy wearing a green soccer strip and running on the grass,NEUTRAL,2.9,A_neutral_B,B_contradicts_A,a child in a green and white sports uniform is running over grass,a little boy wearing a green soccer strip is running on the grass,FLICKR,FLICKR,TRAIN
7673,A man is performing a handstand on the beach,The man at the beach is not doing a handstand on the wet sand at the edge of the water,NEUTRAL,4.3,A_neutral_B,B_contradicts_A,a man is performing a handstand on the beach,the male is doing a handstand on the wet sand at the edge of the water at the beach,FLICKR,FLICKR,TEST
7693,A young boy is jumping off a chair,There is no little boy with brown hair jumping off of a brown chair onto the floor,NEUTRAL,3.5,A_neutral_B,B_contradicts_A,a young boy jumping off a chair,a little boy with brown hair jumped off of a brown chair onto the floor,FLICKR,FLICKR,TEST
7711,A little girl is smiling and wearing a fake nose and glasses,The blonde girl with the pink top is not smiling and not wearing funny glasses with a large nose attached,NEUTRAL,2.8,A_neutral_B,B_contradicts_A,a little girl is smiling whilst wearing a fake nose and glasses,blonde girl with pink top smiling while wearing funny glasses with large nose,FLICKR,FLICKR,TRAIN
7756,A man and a woman are walking down a city street,A man and a woman are idling in a city street,NEUTRAL,3.85,A_neutral_B,B_contradicts_A,a man and a woman walking down a city street,a man and a woman walking down a city street,FLICKR,FLICKR,TEST
7859,A person is riding a dirt bike up a dirt hill,A person is riding a dirt bike down a dirt hill,NEUTRAL,4,A_neutral_B,B_contradicts_A,person rides a dirt bike down a dirt hill,person rides a dirt bike down a dirt hill,FLICKR,FLICKR,TRAIN
7894,Two white dogs and one brown dog are not chasing a ball,Two white dogs are playing with a brown dog and a ball,NEUTRAL,4,A_neutral_B,B_contradicts_A,two white dogs are playing with a brown dog and a ball,there are two white dogs and one brown dog chasing a ball,FLICKR,FLICKR,TEST
7921,A dog is running towards a ball,There is no dog running through a field and chasing a ball,NEUTRAL,2.9,A_neutral_B,B_contradicts_A,a dog is running towards a ball,a dog runs through a field chasing a ball,FLICKR,FLICKR,TRAIN
7926,Four athletes are with a man in a crowded stadium,Four athletes are with a woman in a crowded stadium,NEUTRAL,3.5,A_neutral_B,B_contradicts_A,four atheletes and a man with a crowded stadium in the background,four atheletes and a man with a crowded stadium in the background,FLICKR,FLICKR,TRAIN
8020,A dog is sleeping on the green grass,A dog is playing on the green grass,NEUTRAL,3.7,A_neutral_B,B_contradicts_A,a dog is playing on the green grass,a dog is playing on the green grass,FLICKR,FLICKR,TEST
8051,Two people are carrying colorful baskets and blankets and walking near a building,Two people are sitting with laden baskets and blankets,NEUTRAL,2.8,A_neutral_B,B_contradicts_A,two people carrying colorful baskets and blankets walk near a building,two people walking laden down with baskets and blankets,FLICKR,FLICKR,TEST
8076,Two boys are doing martial arts on a green mat,Two boys are doing martial arts on a blue mat,NEUTRAL,3.9,A_neutral_B,B_contradicts_A,two boys do martial arts on a blue mat,two boys do martial arts on a blue mat,FLICKR,FLICKR,TRAIN
8119,A female cheerleader is jumping on the knee of a male cheerleader,A female cheerleader is sitting on the knee of a male cheerleader,NEUTRAL,3.58,A_neutral_B,B_contradicts_A,a female cheerleader sits on the knee of a male cheerleader,a female cheerleader sits on the knee of a male cheerleader,FLICKR,FLICKR,TRAIN
8209,A girl is standing in a group and is wearing a black shirt and pink beads,A girl is standing alone and wears a black shirt and pink beads,NEUTRAL,3.5,A_neutral_B,B_contradicts_A,a girl standing in a group wears a black shirt and pink beads,a girl standing in a group wears a black shirt and pink beads,FLICKR,FLICKR,TEST
8227,A white dog is running across a rocky landscape,A black dog is running across a rocky landscape,NEUTRAL,3.7,A_neutral_B,B_contradicts_A,a black dog is running across a rocky landscape,a black dog is running across a rocky landscape,FLICKR,FLICKR,TRAIN
8303,A boy is wearing sunglasses,A chubby faced boy is not wearing sunglasses,NEUTRAL,3.7,A_neutral_B,B_contradicts_A,a boy wears sunglasses,a chubby faced boy with sunglasses,FLICKR,FLICKR,TEST
8346,A racer in full gear is wearing a helmet with sponsor logos and is riding a red sport motorcycle,A racer in full gear wears a helmet with sponsor logos and is riding a blue sport motorcycle,NEUTRAL,4.3,A_neutral_B,B_contradicts_A,a racer in full gear and helmet with sponsors logos is riding a red sport motorcycle,a racer in full gear and helmet with sponsors logos is riding a red sport motorcycle,FLICKR,FLICKR,TEST
8377,There is no dog leaping through snowy grass and rocks,Two large dogs a light colored one and a dark one are running through snowy terrain,NEUTRAL,3.2,A_neutral_B,B_contradicts_A,two large dogs one light colored and one dark running through snowy terrain,two dogs leap through snowy grass and rocks,FLICKR,FLICKR,TRAIN
8461,A man with no hat is sitting on the ground,A man with a backwards hat is sitting on the ground,NEUTRAL,4,A_neutral_B,B_contradicts_A,a man with a backwards hat sits on the ground,a man with a backwards hat sits on the ground,FLICKR,FLICKR,TRIAL
8472,A girl in blue sweater is holding a multicolor toy and is sitting on the shoulders of a man with grey hair,A girl in blue sweater is holding a multicolor toy and is sitting on the shoulders of a woman with grey hair,NEUTRAL,4.085,A_neutral_B,B_contradicts_A,girl in blue sweater and holding a multicolor toy sitting on the shoulders of a man with grey hair,girl in blue sweater and holding a multicolor toy sitting on the shoulders of a man with grey hair,FLICKR,FLICKR,TEST
8488,A shirtless man is playing football in a gym,A shirtless man is playing football on a lawn,NEUTRAL,3.7,A_neutral_B,B_contradicts_A,a shirtless man playing football on a lawn,a shirtless man playing football on a lawn,FLICKR,FLICKR,TEST
8506,Two people are sitting on a park bench on a sunny day,Two people are sitting on a park bench on a rainy day,NEUTRAL,3.2,A_neutral_B,B_contradicts_A,two people sitting on a park bench on a sunny day,two people sitting on a park bench on a sunny day,FLICKR,FLICKR,TRAIN
8589,A man with a white hat and brown shirt is behind a woman in red and is looking to the right,A man with a white hat and brown shirt is behind a woman in red and is looking to the left,NEUTRAL,4.3,A_neutral_B,B_contradicts_A,a man with a white hat and brown shirt behind a woman in red looks to the left,a man with a white hat and brown shirt behind a woman in red looks to the left,FLICKR,FLICKR,TRAIN
8596,Little kids are playing in a water fountain in front of lots of people,Little kids are playing in a water fountain in front of few people,NEUTRAL,4.1,A_neutral_B,B_contradicts_A,little kids are playing in a water fountain in front of lots of people,little kids are playing in a water fountain in front of lots of people,FLICKR,FLICKR,TRAIN
8623,Five adults are sitting on stone steps,Five adults are sitting on a chair,NEUTRAL,3.5,A_neutral_B,B_contradicts_A,five adults are sitting on stone steps,five adults are sitting on stone steps,FLICKR,FLICKR,TEST
8638,A man is not rock climbing and a city and a bay are in the background,A man is rock climbing pausing and calculating the route,NEUTRAL,2.8,A_neutral_B,B_contradicts_A,a man rock climbing pauses to calculate his route,a man rock climbing with a city and a bay in the background,FLICKR,FLICKR,TEST
8654,The people are standing at a carnival,The people are running at a carnival,NEUTRAL,4.1,A_neutral_B,B_contradicts_A,the people are standing around at a carnival,the people are standing around at a carnival,FLICKR,FLICKR,TEST
8690,Three children are running up a grassy hillside,Three children are running down a grassy hillside,NEUTRAL,4.3,A_neutral_B,B_contradicts_A,three children running down a grassy hillside,three children running down a grassy hillside,FLICKR,FLICKR,TRAIN
8728,A group of people are standing around a sound mixing table,A group of people are not looking at sound equipment,NEUTRAL,3.7,A_neutral_B,B_contradicts_A,a group of people are standing around a sound mixing table,a group of people looking at sound equipment,FLICKR,FLICKR,TRAIN
8762,A child is wearing a yellow jacket and is jumping down from a rock,A child is wearing a yellow jacket and is jumping on a rock,NEUTRAL,3.7,A_neutral_B,B_contradicts_A,a child wearing a yellow jacket is jumping down from a rock,a child wearing a yellow jacket is jumping down from a rock,FLICKR,FLICKR,TEST
8812,A brown dog is standing in a lake,A dog is swimming in a body of water,NEUTRAL,3,A_neutral_B,B_contradicts_A,a brown dog is standing in a lake,dog swimming in body of water,FLICKR,FLICKR,TEST
8855,The dog is on a leash and is walking near the water,A black dog on a leash is walking in the water,NEUTRAL,4.5,A_neutral_B,B_contradicts_A,a black dog on a leash walking in water,the dog is on a leash and is walking out of the water,FLICKR,FLICKR,TRIAL
8857,The dog is on a leash and is walking out of the water,A black dog on a leash is walking in the water,NEUTRAL,3.6,A_neutral_B,B_contradicts_A,the dog is on a leash and is walking out of the water,a black dog on a leash walking in water,FLICKR,FLICKR,TEST
8913,A couple is not looking at a map,A couple is looking at a map,NEUTRAL,4.3,A_neutral_B,B_contradicts_A,a couple are looking at an area map,a couple are looking at an area map,FLICKR,FLICKR,TRAIN
8960,A group of five old adults are lounging indoors,A group of five young adults are lounging indoors,NEUTRAL,3.4,A_neutral_B,B_contradicts_A,a group of five young adults lounging indoors,a group of five young adults lounging indoors,FLICKR,FLICKR,TEST
8987,A young girl in a bikini is jumping on the beach,A young girl in a bikini is sitting on the beach,NEUTRAL,3.6,A_neutral_B,B_contradicts_A,a young girl in a bikini jumping on the beach,a young girl in a bikini jumping on the beach,FLICKR,FLICKR,TRAIN
9054,Two young boys are wearing hats and sticking their colored tongues out,Two kids are not sticking out blue and green colored tongues,NEUTRAL,3.8,A_neutral_B,B_contradicts_A,two young boys wearing hats and sticking their colored tongues out,two kids are sticking their blue and green colored tongues out,FLICKR,FLICKR,TRAIN
9065,There is no dog standing on the side of a mountain,A white dog is standing on a grassy hillside,NEUTRAL,3.5,A_neutral_B,B_contradicts_A,a white dog is standing on a grassy hillside,a dog standing on the side of a mountain,FLICKR,FLICKR,TEST
9205,A woman is wearing paint and costume pieces and is riding a bike on a empty street,A woman is wearing paint and costume pieces and is riding a bike on a busy street,NEUTRAL,3.915,A_neutral_B,B_contradicts_A,a woman wearing paint and costume pieces rides a bike on a busy street,a woman wearing paint and costume pieces rides a bike on a busy street,FLICKR,FLICKR,TEST
9218,There is no guy leaping into the air in a wooded area,A shirtless man is jumping over a log,NEUTRAL,3.1,A_neutral_B,B_contradicts_A,a shirtless man jumps over a log,a guy leaps into the air in a wooded area,FLICKR,FLICKR,TEST
9248,Two people are standing on a bench,Two people are sitting on a bench,NEUTRAL,3.7,A_neutral_B,B_contradicts_A,two people on a bench,two people on a bench,FLICKR,FLICKR,TEST
9281,Two women with dogs are walking on a forest path,Two dogs and two people are sitting in the woods,NEUTRAL,2.9,A_neutral_B,B_contradicts_A,two women with their dogs on a forest path,two dogs and two people in the woods,FLICKR,FLICKR,TRAIN
9306,No skateboarder is jumping in the air,A man in a red shirt is doing a trick with the skateboard,NEUTRAL,2.8,A_neutral_B,B_contradicts_A,a man in a red shirt is doing a trick with his skateboard,a skateboarder jumps in the air,FLICKR,FLICKR,TEST
9313,A person is not doing a trick on a slide,A person is doing a trick on a snowboard,NEUTRAL,2.8,A_neutral_B,B_contradicts_A,a person doing a trick on a snowboard,a person doing a trick on a snowboard,FLICKR,FLICKR,TRAIN
9337,A group of people is walking down the street and a person in a green hat is on the phone,Four people are walking along a city sidewalk and the one in the green hat is not talking on a cell phone,NEUTRAL,3.4,A_neutral_B,B_contradicts_A,a group of people walking down the street with one on the phone in a green hat,four people are walking along a city sidewalk while the one in the green hat talks on a cellphone,FLICKR,FLICKR,TRAIN
9479,A black dog and a tan dog are sleeping,A black dog and a tan dog are fighting,NEUTRAL,3.8,A_neutral_B,B_contradicts_A,a black dog and a tan dog fighting,a black dog and a tan dog fighting,FLICKR,FLICKR,TEST
9567,An elderly man is sitting on a bench,A young man is sitting on a bench,NEUTRAL,3.4,A_neutral_B,B_contradicts_A,an elderly man sitting on a bench,an elderly man sitting on a bench,FLICKR,FLICKR,TRAIN
9576,A dog is fetching a stick out of very clear water,A dog is fetching a stick out of very dirty water,NEUTRAL,4,A_neutral_B,B_contradicts_A,a dog is fetching a stick out of very clear water,a dog is fetching a stick out of very clear water,FLICKR,FLICKR,TRAIN
9649,A brown and white dog is not running through the river,A dog is emerging from a lake,NEUTRAL,2.9,A_neutral_B,B_contradicts_A,a dog emerging from a lake,a brown and white dog is running through the river,FLICKR,FLICKR,TEST
9679,A girl in an orange shirt and clown makeup is walking in a park and others are looking on,A girl in an orange shirt and clown makeup is standing in a park and others are looking on,NEUTRAL,4.3,A_neutral_B,B_contradicts_A,a girl in orange shirt and clown makeup stands in a park while others look on,a girl in orange shirt and clown makeup stands in a park while others look on,FLICKR,FLICKR,TEST
9694,There is no cyclist performing a jump on a bicycle,A bicyclist is performing a trick over a heavily graphitized wall,NEUTRAL,3.4,A_neutral_B,B_contradicts_A,a bicyclist performing a trick over a heavily graffitied wall,a cyclist performing a jump on a bicycle,FLICKR,FLICKR,TRAIN
9717,A boy is running through the grass,A boy is running through the sand,NEUTRAL,4,A_neutral_B,B_contradicts_A,a boy runs through the sand,a boy runs through the sand,FLICKR,FLICKR,TRAIN
